time,open,high,low,close,volume
2010/08/05 00:00:00:000000,49.94,50.01,49.94,50.0,5443.0
2010/08/06 00:00:00:000000,50.34,50.34,50.14,50.2,16630.0
2010/08/09 00:00:00:000000,50.18,50.19,50.17,50.18,14726.0
2010/08/10 00:00:00:000000,50.15,50.38,50.11,50.38,20553.0
2010/08/11 00:00:00:000000,50.49,50.55,50.45,50.51,31925.0
2010/08/12 00:00:00:000000,50.53,50.53,50.39,50.39,26225.0
2010/08/13 00:00:00:000000,50.45,50.5,50.43,50.5,20320.0
2010/08/16 00:00:00:000000,50.85,50.86,50.65,50.75,35505.0
2010/08/17 00:00:00:000000,50.66,50.66,50.55,50.6,22219.0
2010/08/18 00:00:00:000000,50.7,50.71,50.57,50.57,10224.0
2010/08/19 00:00:00:000000,50.56,50.74,50.56,50.72,160126.0
2010/08/20 00:00:00:000000,50.69,50.7,50.55,50.56,36489.0
2010/08/23 00:00:00:000000,50.56,50.64,50.55,50.62,37124.0
2010/08/24 00:00:00:000000,50.79,50.94,50.77,50.85,29116.0
2010/08/25 00:00:00:000000,51.0,51.0,50.72,50.72,21787.0
2010/08/26 00:00:00:000000,50.73,50.8,50.7,50.79,11169.0
2010/08/27 00:00:00:000000,50.7,50.79,50.45,50.45,25288.0
2010/08/30 00:00:00:000000,50.67,50.79,50.63,50.79,7546.0
2010/08/31 00:00:00:000000,50.92,50.93,50.86,50.93,8546.0
2010/09/01 00:00:00:000000,50.81,50.81,50.56,50.63,19090.0
2010/09/02 00:00:00:000000,50.6,50.6,50.55,50.55,2503.0
2010/09/07 00:00:00:000000,50.56,50.65,50.54,50.65,14231.0
2010/09/08 00:00:00:000000,50.55,50.58,50.48,50.53,35043.0
2010/09/09 00:00:00:000000,50.39,50.39,50.22,50.22,32350.0
2010/09/10 00:00:00:000000,50.17,50.19,50.09,50.17,4665.0
2010/09/13 00:00:00:000000,50.17,50.37,50.17,50.37,17302.0
2010/09/14 00:00:00:000000,50.44,50.58,50.44,50.58,14464.0
2010/09/15 00:00:00:000000,50.55,50.61,50.43,50.45,13019.0
2010/09/16 00:00:00:000000,50.43,50.43,50.34,50.38,5560.0
2010/09/17 00:00:00:000000,50.43,50.46,50.42,50.44,2550.0
2010/09/20 00:00:00:000000,50.52,50.56,50.46,50.56,7465.0
2010/09/21 00:00:00:000000,50.67,50.86,50.62,50.86,13841.0
2010/09/22 00:00:00:000000,50.96,51.03,50.9,50.9,4691.0
2010/09/23 00:00:00:000000,51.02,51.04,50.87,50.88,20732.0
2010/09/24 00:00:00:000000,50.81,50.84,50.77,50.81,10396.0
2010/09/27 00:00:00:000000,50.88,51.02,50.88,51.02,5893.0
2010/09/28 00:00:00:000000,51.12,51.19,51.12,51.18,1980.0
2010/09/29 00:00:00:000000,51.17,51.17,51.08,51.08,13088.0
2010/09/30 00:00:00:000000,51.0,51.08,50.85,51.08,4855.0
2010/10/01 00:00:00:000000,50.89,51.05,50.88,51.03,9068.0
2010/10/04 00:00:00:000000,51.07,51.17,51.07,51.17,6348.0
2010/10/05 00:00:00:000000,51.2,51.22,51.18,51.2,6537.0
2010/10/06 00:00:00:000000,51.43,51.46,51.36,51.36,8948.0
2010/10/07 00:00:00:000000,51.42,51.42,51.38,51.41,2970.0
2010/10/08 00:00:00:000000,51.5,51.55,51.45,51.45,10505.0
2010/10/11 00:00:00:000000,51.58,51.58,51.49,51.5,2969.0
2010/10/12 00:00:00:000000,51.52,51.52,51.37,51.4,12932.0
2010/10/13 00:00:00:000000,51.29,51.37,51.27,51.37,6301.0
2010/10/14 00:00:00:000000,51.35,51.36,51.2,51.28,11062.0
2010/10/15 00:00:00:000000,51.21,51.23,51.08,51.15,9130.0
2010/10/18 00:00:00:000000,51.27,51.36,51.27,51.34,5817.0
2010/10/19 00:00:00:000000,51.28,51.44,51.28,51.42,17372.0
2010/10/20 00:00:00:000000,51.36,51.49,51.36,51.45,3569.0
2010/10/21 00:00:00:000000,51.35,51.36,51.28,51.28,9611.0
2010/10/22 00:00:00:000000,51.23,51.28,51.22,51.24,11525.0
2010/10/25 00:00:00:000000,51.39,51.4,51.22,51.23,15357.0
2010/10/26 00:00:00:000000,51.1,51.11,51.0,51.02,6104.0
2010/10/27 00:00:00:000000,50.89,50.9,50.77,50.77,29291.0
2010/10/28 00:00:00:000000,50.96,51.05,50.94,51.03,8548.0
2010/10/29 00:00:00:000000,51.12,51.24,51.12,51.22,29152.0
2010/11/01 00:00:00:000000,51.29,51.29,51.11,51.17,15564.0
2010/11/02 00:00:00:000000,51.19,51.26,51.19,51.24,18052.0
2010/11/03 00:00:00:000000,51.31,51.4,51.0,51.4,16642.0
2010/11/04 00:00:00:000000,51.59,51.67,51.56,51.65,18223.0
2010/11/05 00:00:00:000000,51.6,51.61,51.47,51.47,9257.0
2010/11/08 00:00:00:000000,51.48,51.51,51.39,51.43,16396.0
2010/11/09 00:00:00:000000,51.43,51.43,51.08,51.08,22511.0
2010/11/10 00:00:00:000000,51.11,51.25,50.74,51.22,24356.0
2010/11/11 00:00:00:000000,51.07,51.2,51.06,51.11,8478.0
2010/11/12 00:00:00:000000,51.06,51.11,50.81,50.82,77938.0
2010/11/15 00:00:00:000000,50.65,50.71,50.44,50.45,5562.0
2010/11/16 00:00:00:000000,50.59,50.59,50.35,50.58,2724.0
2010/11/17 00:00:00:000000,50.62,50.67,50.62,50.65,8251.0
2010/11/18 00:00:00:000000,50.48,50.48,50.31,50.44,15526.0
2010/11/19 00:00:00:000000,50.43,50.49,50.41,50.48,7610.0
2010/11/22 00:00:00:000000,50.58,50.71,50.56,50.71,9825.0
2010/11/23 00:00:00:000000,50.87,50.88,50.75,50.81,10213.0
2010/11/26 00:00:00:000000,50.49,50.55,50.44,50.55,9499.0
2010/11/29 00:00:00:000000,50.59,50.65,50.53,50.6,20514.0
2010/11/30 00:00:00:000000,50.75,50.83,50.67,50.68,10894.0
2010/12/01 00:00:00:000000,50.3,50.32,50.16,50.17,17745.0
2010/12/02 00:00:00:000000,50.11,50.21,50.04,50.05,26924.0
2010/12/03 00:00:00:000000,50.33,50.35,50.14,50.16,6319.0
2010/12/06 00:00:00:000000,50.37,50.41,50.31,50.38,17070.0
2010/12/07 00:00:00:000000,50.14,50.14,49.73,49.78,24965.0
2010/12/08 00:00:00:000000,49.55,49.55,49.26,49.48,23374.0
2010/12/09 00:00:00:000000,49.52,49.52,49.34,49.46,10934.0
2010/12/10 00:00:00:000000,49.37,49.38,49.2,49.2,15871.0
2010/12/13 00:00:00:000000,49.15,49.41,49.13,49.35,11046.0
2010/12/14 00:00:00:000000,49.23,49.3,48.94,48.99,15446.0
2010/12/15 00:00:00:000000,49.09,49.14,48.8,48.89,19507.0
2010/12/16 00:00:00:000000,48.87,49.06,48.75,49.06,5424.0
2010/12/17 00:00:00:000000,49.13,49.34,49.13,49.32,17549.0
2010/12/20 00:00:00:000000,49.44,49.51,49.27,49.33,11394.0
2010/12/21 00:00:00:000000,49.39,49.39,49.23,49.33,7752.0
2010/12/22 00:00:00:000000,49.35,49.35,49.21,49.25,18932.0
2010/12/27 00:00:00:000000,49.04,49.22,49.01,49.21,16033.0
2010/12/28 00:00:00:000000,49.2,49.2,48.87,48.87,9147.0
2010/12/29 00:00:00:000000,48.86,49.26,48.82,49.25,10287.0
2010/12/30 00:00:00:000000,49.15,49.16,49.07,49.16,4500.0
2010/12/31 00:00:00:000000,49.15,49.3,49.15,49.28,5386.0
2011/01/03 00:00:00:000000,49.18,49.3,49.1,49.3,12041.0
2011/01/04 00:00:00:000000,49.32,49.39,49.28,49.28,3955.0
2011/01/05 00:00:00:000000,49.1,49.1,48.9,48.99,17152.0
2011/01/06 00:00:00:000000,49.06,49.12,49.06,49.08,3711.0
2011/01/07 00:00:00:000000,49.18,49.46,49.18,49.37,6433.0
2011/01/10 00:00:00:000000,49.47,49.54,49.45,49.54,7693.0
2011/01/11 00:00:00:000000,49.53,49.53,49.36,49.44,7541.0
2011/01/12 00:00:00:000000,49.26,49.35,49.21,49.35,3336.0
2011/01/13 00:00:00:000000,49.39,49.55,49.38,49.55,10045.0
2011/01/18 00:00:00:000000,49.46,49.46,49.32,49.39,10006.0
2011/01/19 00:00:00:000000,49.39,49.52,49.39,49.47,4858.0
2011/01/20 00:00:00:000000,49.36,49.36,49.16,49.25,10970.0
2011/01/21 00:00:00:000000,49.17,49.32,49.15,49.29,12399.0
2011/01/24 00:00:00:000000,49.31,49.42,49.28,49.32,5540.0
2011/01/25 00:00:00:000000,49.38,49.56,49.35,49.53,4442.0
2011/01/26 00:00:00:000000,49.4,49.4,49.28,49.28,11289.0
2011/01/27 00:00:00:000000,49.38,49.44,49.3,49.44,4029.0
2011/01/28 00:00:00:000000,49.35,49.68,49.35,49.63,23214.0
2011/01/31 00:00:00:000000,49.63,49.65,49.5,49.52,15972.0
2011/02/01 00:00:00:000000,49.31,49.35,49.23,49.24,6131.0
2011/02/02 00:00:00:000000,49.33,49.33,49.11,49.15,1599.0
2011/02/03 00:00:00:000000,49.01,49.01,48.92,48.92,1100.0
2011/02/04 00:00:00:000000,48.85,48.85,48.68,48.68,12663.0
2011/02/07 00:00:00:000000,48.57,48.7,48.57,48.69,1790.0
2011/02/08 00:00:00:000000,48.67,48.68,48.48,48.48,2085.0
2011/02/09 00:00:00:000000,48.49,48.65,48.49,48.65,3356.0
2011/02/10 00:00:00:000000,48.55,48.58,48.43,48.46,37658.0
2011/02/11 00:00:00:000000,48.61,48.64,48.58,48.58,3279.0
2011/02/14 00:00:00:000000,48.56,48.65,48.56,48.6,1177.0
2011/02/15 00:00:00:000000,48.54,48.66,48.54,48.66,508.0
2011/02/16 00:00:00:000000,48.64,48.65,48.58,48.65,513.0
2011/02/17 00:00:00:000000,48.81,48.81,48.79,48.79,2184.0
2011/02/22 00:00:00:000000,48.99,49.14,48.97,49.14,2445.0
2011/02/23 00:00:00:000000,49.17,49.17,49.05,49.05,8643.0
2011/02/24 00:00:00:000000,49.18,49.2,49.12,49.12,2285.0
2011/02/25 00:00:00:000000,49.19,49.19,49.19,49.19,500.0
2011/02/28 00:00:00:000000,49.27,49.29,49.27,49.28,6954.0
2011/03/01 00:00:00:000000,49.04,49.26,49.04,49.26,8361.0
2011/03/02 00:00:00:000000,49.22,49.24,49.09,49.09,9588.0
2011/03/03 00:00:00:000000,48.9,48.9,48.79,48.79,504.0
2011/03/04 00:00:00:000000,48.93,49.09,48.93,49.08,2441.0
2011/03/07 00:00:00:000000,49.01,49.13,49.0,49.06,1344.0
2011/03/08 00:00:00:000000,49.01,49.03,48.95,48.98,14990.0
2011/03/09 00:00:00:000000,49.06,49.19,49.02,49.16,2714.0
2011/03/10 00:00:00:000000,49.25,49.45,49.2,49.44,4008.0
2011/03/11 00:00:00:000000,49.44,49.44,49.36,49.39,5440.0
2011/03/14 00:00:00:000000,49.51,49.6,49.51,49.54,36544.0
2011/03/15 00:00:00:000000,49.8,49.8,49.59,49.62,21598.0
2011/03/16 00:00:00:000000,49.77,49.94,49.75,49.93,3595.0
2011/03/17 00:00:00:000000,49.81,49.81,49.81,49.81,693.0
2011/03/18 00:00:00:000000,49.7,49.7,49.64,49.69,100.0
2011/03/21 00:00:00:000000,49.59,49.59,49.48,49.54,18139.0
2011/03/22 00:00:00:000000,49.47,49.51,49.46,49.51,3212.0
2011/03/23 00:00:00:000000,49.64,49.64,49.45,49.45,6916.0
2011/03/24 00:00:00:000000,49.42,49.42,49.27,49.28,4798.0
2011/03/25 00:00:00:000000,49.33,49.36,49.15,49.15,2560.0
2011/03/28 00:00:00:000000,49.13,49.16,49.09,49.15,1118.0
2011/03/29 00:00:00:000000,49.1,49.1,49.03,49.03,307.0
2011/03/30 00:00:00:000000,49.12,49.18,49.12,49.18,1235.0
2011/03/31 00:00:00:000000,49.24,49.24,49.07,49.11,5009.0
2011/04/01 00:00:00:000000,48.9,49.02,48.9,49.0,1417.0
2011/04/04 00:00:00:000000,49.13,49.2,49.12,49.15,24709.0
2011/04/05 00:00:00:000000,49.13,49.13,49.0,49.0,5718.0
2011/04/06 00:00:00:000000,48.91,48.91,48.88,48.88,6000.0
2011/04/07 00:00:00:000000,48.92,48.92,48.85,48.85,2365.0
2011/04/08 00:00:00:000000,48.74,48.83,48.74,48.83,925.0
2011/04/11 00:00:00:000000,48.86,48.86,48.83,48.86,638.0
2011/04/12 00:00:00:000000,49.0,49.09,49.0,49.09,500.0
2011/04/13 00:00:00:000000,49.03,49.16,49.03,49.16,218.0
2011/04/14 00:00:00:000000,49.28,49.28,49.12,49.12,940.0
2011/04/15 00:00:00:000000,49.31,49.34,49.31,49.34,1407.0
2011/04/18 00:00:00:000000,49.42,49.47,49.42,49.47,2930.0
2011/04/19 00:00:00:000000,49.5,49.5,49.49,49.49,6456.0
2011/04/20 00:00:00:000000,49.45,49.45,49.4,49.4,703.0
2011/04/25 00:00:00:000000,49.46,49.5,49.46,49.5,1646.0
2011/04/26 00:00:00:000000,49.55,49.66,49.55,49.66,3814.0
2011/04/27 00:00:00:000000,49.55,49.55,49.51,49.51,1500.0
2011/04/28 00:00:00:000000,49.7,49.73,49.7,49.73,1549.0
2011/04/29 00:00:00:000000,49.72,49.78,49.7,49.78,3666.0
2011/05/02 00:00:00:000000,49.74,49.78,49.74,49.76,1605.0
2011/05/03 00:00:00:000000,49.85,49.85,49.81,49.85,4258.0
2011/05/04 00:00:00:000000,49.83,49.89,49.82,49.89,100.0
2011/05/05 00:00:00:000000,49.97,50.02,49.97,50.02,421.0
2011/05/06 00:00:00:000000,49.93,50.08,49.93,50.08,1070.0
2011/05/09 00:00:00:000000,50.13,50.15,50.13,50.15,400.0
2011/05/10 00:00:00:000000,50.11,50.11,50.0,50.0,1887.0
2011/05/11 00:00:00:000000,49.97,50.11,49.94,50.11,3794.0
2011/05/12 00:00:00:000000,50.11,50.11,50.04,50.04,1121.0
2011/05/13 00:00:00:000000,50.13,50.24,50.13,50.16,700.0
2011/05/16 00:00:00:000000,50.21,50.26,50.12,50.26,3783.0
2011/05/17 00:00:00:000000,50.35,50.36,50.31,50.34,52328.0
2011/05/18 00:00:00:000000,50.31,50.31,50.16,50.16,893.0
2011/05/19 00:00:00:000000,50.0,50.18,50.0,50.18,1020.0
2011/05/20 00:00:00:000000,50.23,50.29,50.23,50.29,359.0
2011/05/23 00:00:00:000000,50.46,50.46,50.34,50.34,4313.0
2011/05/24 00:00:00:000000,50.28,50.34,50.28,50.34,317.0
2011/05/25 00:00:00:000000,50.4,50.4,50.37,50.37,100.0
2011/05/26 00:00:00:000000,50.45,50.58,50.45,50.58,182.0
2011/05/31 00:00:00:000000,50.59,50.68,50.56,50.68,1762.0
2011/06/01 00:00:00:000000,50.74,50.88,50.74,50.88,492.0
2011/06/02 00:00:00:000000,50.77,50.77,50.69,50.69,1087.0
2011/06/03 00:00:00:000000,50.94,50.94,50.79,50.79,310.0
2011/06/06 00:00:00:000000,50.77,50.87,50.77,50.83,17415.0
2011/06/07 00:00:00:000000,50.73,50.85,50.73,50.85,1070.0
2011/06/08 00:00:00:000000,50.9,50.99,50.9,50.99,1196.0
2011/06/09 00:00:00:000000,51.01,51.01,50.81,50.85,10227.0
2011/06/10 00:00:00:000000,50.9,50.97,50.9,50.93,18359.0
2011/06/13 00:00:00:000000,50.84,50.88,50.83,50.88,3183.0
2011/06/14 00:00:00:000000,50.63,50.7,50.56,50.56,3336.0
2011/06/15 00:00:00:000000,50.67,50.96,50.67,50.94,400.0
2011/06/16 00:00:00:000000,50.98,51.03,50.98,51.03,1735.0
2011/06/17 00:00:00:000000,50.99,51.04,50.99,51.04,2100.0
2011/06/20 00:00:00:000000,51.12,51.12,50.98,50.99,9131.0
2011/06/21 00:00:00:000000,50.95,50.95,50.89,50.92,12918.0
2011/06/22 00:00:00:000000,51.01,51.01,50.95,50.95,745.0
2011/06/23 00:00:00:000000,51.12,51.18,51.1,51.12,3859.0
2011/06/24 00:00:00:000000,51.15,51.32,51.15,51.31,8876.0
2011/06/27 00:00:00:000000,51.35,51.35,51.2,51.2,302.0
2011/06/28 00:00:00:000000,51.09,51.09,50.83,50.83,570.0
2011/06/29 00:00:00:000000,50.71,50.74,50.57,50.59,11082.0
2011/06/30 00:00:00:000000,50.7,50.7,50.37,50.46,1813.0
2011/07/05 00:00:00:000000,50.45,50.59,50.45,50.59,1080.0
2011/07/06 00:00:00:000000,50.68,50.68,50.6,50.6,2744.0
2011/07/07 00:00:00:000000,50.49,50.49,50.41,50.41,3943.0
2011/07/08 00:00:00:000000,50.77,50.86,50.77,50.85,4520.0
2011/07/11 00:00:00:000000,51.0,51.13,51.0,51.13,1610.0
2011/07/12 00:00:00:000000,51.14,51.2,51.14,51.2,124.0
2011/07/13 00:00:00:000000,51.09,51.26,51.07,51.26,4942.0
2011/07/14 00:00:00:000000,51.09,51.11,51.07,51.07,413.0
2011/07/15 00:00:00:000000,51.01,51.19,51.01,51.19,1311.0
2011/07/18 00:00:00:000000,51.27,51.28,51.23,51.23,4616.0
2011/07/19 00:00:00:000000,51.16,51.26,51.16,51.26,1450.0
2011/07/20 00:00:00:000000,51.25,51.25,51.14,51.18,11732.0
2011/07/21 00:00:00:000000,51.11,51.12,51.02,51.02,500.0
2011/07/22 00:00:00:000000,51.08,51.1,51.05,51.1,1345.0
2011/07/25 00:00:00:000000,50.97,51.1,50.96,51.0,2859.0
2011/07/26 00:00:00:000000,51.02,51.16,51.02,51.13,25253.0
2011/07/27 00:00:00:000000,51.06,51.1,50.97,51.02,3206.0
2011/07/28 00:00:00:000000,51.13,51.16,51.11,51.13,2302.0
2011/07/29 00:00:00:000000,51.3,51.56,51.3,51.56,1300.0
2011/08/01 00:00:00:000000,51.47,51.62,51.47,51.55,2231.0
2011/08/02 00:00:00:000000,51.74,51.87,51.71,51.86,2778.0
2011/08/03 00:00:00:000000,51.81,51.83,51.81,51.82,350.0
2011/08/04 00:00:00:000000,51.92,52.28,51.92,52.28,1449.0
2011/08/05 00:00:00:000000,52.0,52.09,51.77,51.89,10494.0
2011/08/08 00:00:00:000000,52.09,52.39,52.09,52.33,12193.0
2011/08/09 00:00:00:000000,52.17,52.72,52.17,52.59,8758.0
2011/08/10 00:00:00:000000,52.85,52.92,52.8,52.92,4022.0
2011/08/11 00:00:00:000000,52.78,52.78,52.52,52.52,1993.0
2011/08/12 00:00:00:000000,52.66,52.7,52.66,52.69,604.0
2011/08/15 00:00:00:000000,52.75,52.75,52.6,52.6,5716.0
2011/08/16 00:00:00:000000,52.66,52.85,52.66,52.8,1800.0
2011/08/17 00:00:00:000000,52.82,52.91,52.75,52.91,1579.0
2011/08/18 00:00:00:000000,53.15,53.23,53.03,53.03,24096.0
2011/08/19 00:00:00:000000,53.03,53.07,52.98,53.07,6725.0
2011/08/22 00:00:00:000000,52.96,53.08,52.96,53.08,8382.0
2011/08/23 00:00:00:000000,53.0,53.02,52.95,52.95,7797.0
2011/08/24 00:00:00:000000,52.92,52.92,52.66,52.66,5461.0
2011/08/25 00:00:00:000000,52.8,52.84,52.76,52.82,11056.0
2011/08/26 00:00:00:000000,52.99,53.0,52.87,52.91,8175.0
2011/08/29 00:00:00:000000,52.73,52.78,52.72,52.75,6710.0
2011/08/30 00:00:00:000000,52.9,53.02,52.9,52.97,30430.0
2011/08/31 00:00:00:000000,53.09,53.09,52.81,52.82,22936.0
2011/09/01 00:00:00:000000,52.79,52.98,52.69,52.98,20931.0
2011/09/02 00:00:00:000000,53.13,53.17,53.11,53.16,2542.0
2011/09/06 00:00:00:000000,53.23,53.27,53.22,53.26,35955.0
2011/09/07 00:00:00:000000,53.17,53.17,53.09,53.1,848.0
2011/09/08 00:00:00:000000,53.23,53.23,53.1,53.17,3397.0
2011/09/09 00:00:00:000000,53.34,53.43,53.23,53.32,27948.0
2011/09/12 00:00:00:000000,53.3,53.32,53.2,53.2,2317.0
2011/09/13 00:00:00:000000,53.21,53.21,53.12,53.14,2403.0
2011/09/14 00:00:00:000000,53.2,53.2,53.1,53.14,1157.0
2011/09/15 00:00:00:000000,52.97,52.97,52.87,52.93,50234.0
2011/09/16 00:00:00:000000,52.94,53.01,52.88,53.01,4300.0
2011/09/19 00:00:00:000000,53.27,53.27,53.22,53.26,1050.0
2011/09/20 00:00:00:000000,53.22,53.3,53.2,53.3,8773.0
2011/09/21 00:00:00:000000,53.3,53.42,53.27,53.36,40904.0
2011/09/22 00:00:00:000000,53.57,53.63,53.53,53.62,11853.0
2011/09/23 00:00:00:000000,53.59,53.59,53.38,53.38,8099.0
2011/09/26 00:00:00:000000,53.33,53.33,53.23,53.24,5326.0
2011/09/27 00:00:00:000000,53.05,53.07,53.05,53.07,906.0
2011/09/28 00:00:00:000000,53.04,53.04,52.87,53.0,9464.0
2011/09/29 00:00:00:000000,52.93,53.09,52.93,53.04,37650.0
2011/09/30 00:00:00:000000,53.23,53.23,53.09,53.2,42063.0
2011/10/03 00:00:00:000000,53.25,53.46,53.21,53.46,24107.0
2011/10/04 00:00:00:000000,53.52,53.55,53.32,53.32,43604.0
2011/10/05 00:00:00:000000,53.25,53.25,53.12,53.12,200.0
2011/10/06 00:00:00:000000,53.07,53.07,52.94,52.94,3087.0
2011/10/07 00:00:00:000000,52.7,52.82,52.7,52.75,17874.0
2011/10/10 00:00:00:000000,52.74,52.74,52.3,52.3,38328.0
2011/10/11 00:00:00:000000,52.58,52.58,52.47,52.52,25221.0
2011/10/12 00:00:00:000000,52.42,52.42,52.31,52.37,4846.0
2011/10/13 00:00:00:000000,52.54,52.6,52.49,52.49,1700.0
2011/10/14 00:00:00:000000,52.37,52.47,52.37,52.41,100.0
2011/10/17 00:00:00:000000,52.52,52.61,52.51,52.57,14897.0
2011/10/18 00:00:00:000000,52.71,52.71,52.56,52.56,250.0
2011/10/19 00:00:00:000000,52.6,52.67,52.6,52.67,1210.0
2011/10/20 00:00:00:000000,52.64,52.73,52.63,52.63,1488.0
2011/10/21 00:00:00:000000,52.63,52.65,52.56,52.63,4487.0
2011/10/24 00:00:00:000000,52.64,52.64,52.43,52.47,12733.0
2011/10/25 00:00:00:000000,52.54,52.81,52.54,52.79,3097.0
2011/10/26 00:00:00:000000,52.66,52.68,52.53,52.56,7802.0
2011/10/27 00:00:00:000000,52.43,52.43,52.23,52.23,5133.0
2011/10/28 00:00:00:000000,52.43,52.43,52.4,52.4,1405.0
2011/10/31 00:00:00:000000,52.63,52.79,52.63,52.78,28758.0
2011/11/01 00:00:00:000000,52.96,53.24,52.91,53.21,52313.0
2011/11/02 00:00:00:000000,53.07,53.19,53.04,53.19,71246.0
2011/11/03 00:00:00:000000,52.99,53.07,52.99,53.07,3785.0
2011/11/04 00:00:00:000000,53.1,53.13,53.09,53.13,1831.0
2011/11/07 00:00:00:000000,53.14,53.23,53.08,53.08,26439.0
2011/11/08 00:00:00:000000,53.05,53.15,52.89,52.92,21824.0
2011/11/09 00:00:00:000000,53.22,53.22,52.78,53.18,19402.0
2011/11/10 00:00:00:000000,53.06,53.14,53.02,53.08,5278.0
2011/11/11 00:00:00:000000,52.99,52.99,52.92,52.92,516.0
2011/11/14 00:00:00:000000,53.1,53.12,53.07,53.12,1985.0
2011/11/15 00:00:00:000000,53.2,53.2,53.05,53.08,6752.0
2011/11/16 00:00:00:000000,53.22,53.22,53.15,53.2,3257.0
2011/11/17 00:00:00:000000,53.07,53.29,53.07,53.26,3191.0
2011/11/18 00:00:00:000000,53.19,53.19,53.1,53.13,37731.0
2011/11/21 00:00:00:000000,53.25,53.25,53.19,53.21,93820.0
2011/11/22 00:00:00:000000,53.25,53.29,53.23,53.23,87911.0
2011/11/25 00:00:00:000000,53.29,53.29,53.22,53.22,1358.0
2011/11/28 00:00:00:000000,53.03,53.23,53.03,53.19,7344.0
2011/11/29 00:00:00:000000,53.13,53.23,53.07,53.16,13916.0
2011/11/30 00:00:00:000000,53.09,53.09,52.94,52.98,37886.0
2011/12/01 00:00:00:000000,52.79,53.0,52.79,52.98,17491.0
2011/12/02 00:00:00:000000,52.89,53.04,52.87,53.04,16099.0
2011/12/05 00:00:00:000000,52.91,53.11,52.91,53.09,6220.0
2011/12/06 00:00:00:000000,53.0,53.0,52.93,52.96,15660.0
2011/12/07 00:00:00:000000,53.05,53.12,53.03,53.09,14091.0
2011/12/08 00:00:00:000000,53.12,53.27,53.12,53.26,9704.0
2011/12/09 00:00:00:000000,53.28,53.28,53.09,53.09,1859.0
2011/12/12 00:00:00:000000,53.25,53.25,53.23,53.23,829.0
2011/12/13 00:00:00:000000,53.18,53.3,53.18,53.3,1100.0
2011/12/14 00:00:00:000000,53.35,53.43,53.35,53.41,7711.0
2011/12/15 00:00:00:000000,53.3,53.43,53.3,53.43,35572.0
2011/12/16 00:00:00:000000,53.47,53.56,53.47,53.56,4230.0
2011/12/19 00:00:00:000000,53.54,53.61,53.54,53.61,1614.0
2011/12/20 00:00:00:000000,53.5,53.5,53.41,53.41,2428.0
2011/12/21 00:00:00:000000,53.43,53.46,53.29,53.29,8977.0
2011/12/22 00:00:00:000000,53.32,53.38,53.29,53.31,6494.0
2011/12/27 00:00:00:000000,53.14,53.19,53.14,53.17,7587.0
2011/12/28 00:00:00:000000,53.18,53.3,53.18,53.29,8193.0
2011/12/29 00:00:00:000000,53.29,53.44,53.26,53.39,59404.0
2012/01/03 00:00:00:000000,53.28,53.34,53.23,53.24,27171.0
2012/01/04 00:00:00:000000,53.26,53.27,53.19,53.27,6713.0
2012/01/05 00:00:00:000000,53.23,53.33,53.23,53.24,2053.0
2012/01/06 00:00:00:000000,53.26,53.36,53.26,53.35,11751.0
2012/01/09 00:00:00:000000,53.34,53.45,53.34,53.41,18685.0
2012/01/10 00:00:00:000000,53.32,53.36,53.32,53.33,2258.0
2012/01/11 00:00:00:000000,53.4,53.46,53.38,53.46,5742.0
2012/01/12 00:00:00:000000,53.46,53.46,53.17,53.32,114515.0
2012/01/17 00:00:00:000000,53.53,53.55,53.53,53.55,883.0
2012/01/18 00:00:00:000000,53.54,53.55,53.47,53.47,1115.0
2012/01/19 00:00:00:000000,53.43,53.43,53.28,53.31,1814.0
2012/01/20 00:00:00:000000,53.25,53.25,53.19,53.2,2194.0
2012/01/23 00:00:00:000000,53.11,53.15,53.1,53.15,8567.0
2012/01/24 00:00:00:000000,53.19,53.19,53.18,53.18,100.0
2012/01/25 00:00:00:000000,53.18,53.42,53.18,53.42,1796.0
2012/01/26 00:00:00:000000,53.52,53.57,53.52,53.57,2424.0
2012/01/27 00:00:00:000000,53.61,53.64,53.61,53.64,932.0
2012/01/30 00:00:00:000000,53.72,53.73,53.72,53.73,940.0
2012/01/31 00:00:00:000000,53.71,53.82,53.71,53.8,4779.0
2012/02/01 00:00:00:000000,53.7,53.7,53.69,53.7,6468.0
2012/02/02 00:00:00:000000,53.7,53.73,53.69,53.73,12532.0
2012/02/03 00:00:00:000000,53.52,53.52,53.47,53.47,3126.0
2012/02/06 00:00:00:000000,53.52,53.59,53.47,53.59,2607.0
2012/02/07 00:00:00:000000,53.47,53.47,53.4,53.4,2032.0
2012/02/08 00:00:00:000000,53.4,53.4,53.35,53.39,1473.0
2012/02/09 00:00:00:000000,53.34,53.34,53.23,53.29,840.0
2012/02/10 00:00:00:000000,53.39,53.42,53.37,53.41,2601.0
2012/02/13 00:00:00:000000,53.37,53.42,53.37,53.42,2332.0
2012/02/14 00:00:00:000000,53.45,53.51,53.41,53.47,15292.0
2012/02/15 00:00:00:000000,53.45,53.57,53.45,53.5,3118.0
2012/02/16 00:00:00:000000,53.44,53.47,53.36,53.37,214062.0
2012/02/17 00:00:00:000000,53.27,53.32,53.23,53.32,5722.0
2012/02/21 00:00:00:000000,53.26,53.26,53.17,53.24,5497.0
2012/02/22 00:00:00:000000,53.25,53.34,53.25,53.34,6365.0
2012/02/23 00:00:00:000000,53.31,53.35,53.29,53.35,3019.0
2012/02/24 00:00:00:000000,53.33,53.35,53.33,53.34,4720.0
2012/02/27 00:00:00:000000,53.51,53.51,53.49,53.49,4762.0
2012/02/28 00:00:00:000000,53.5,53.55,53.48,53.48,845.0
2012/02/29 00:00:00:000000,53.49,53.49,53.32,53.34,5858.0
2012/03/01 00:00:00:000000,53.19,53.22,53.15,53.22,12742.0
2012/03/02 00:00:00:000000,53.24,53.37,53.24,53.37,3242.0
2012/03/05 00:00:00:000000,53.32,53.32,53.28,53.28,5506.0
2012/03/06 00:00:00:000000,53.42,53.46,53.42,53.45,33276.0
2012/03/07 00:00:00:000000,53.42,53.42,53.36,53.36,100.0
2012/03/08 00:00:00:000000,53.35,53.35,53.25,53.25,2083.0
2012/03/09 00:00:00:000000,53.25,53.25,53.23,53.23,5038.0
2012/03/12 00:00:00:000000,53.32,53.32,53.21,53.21,3627.0
2012/03/13 00:00:00:000000,53.13,53.13,52.97,52.98,11381.0
2012/03/14 00:00:00:000000,52.81,52.81,52.53,52.54,77747.0
2012/03/15 00:00:00:000000,52.54,52.64,52.54,52.57,33171.0
2012/03/16 00:00:00:000000,52.45,52.55,52.45,52.55,2830.0
2012/03/19 00:00:00:000000,52.48,52.49,52.29,52.35,17690.0
2012/03/20 00:00:00:000000,52.37,52.38,52.29,52.32,8212.0
2012/03/21 00:00:00:000000,52.46,52.54,52.42,52.51,9709.0
2012/03/22 00:00:00:000000,52.59,52.62,52.57,52.57,5000.0
2012/03/23 00:00:00:000000,52.69,52.69,52.65,52.69,1687.0
2012/03/26 00:00:00:000000,52.7,52.7,52.6,52.7,4600.0
2012/03/27 00:00:00:000000,52.72,52.89,52.72,52.86,2645.0
2012/03/28 00:00:00:000000,52.85,52.9,52.82,52.82,2034.0
2012/03/29 00:00:00:000000,52.92,52.96,52.87,52.96,3559.0
2012/03/30 00:00:00:000000,52.96,52.98,52.83,52.83,1280.0
2012/04/02 00:00:00:000000,52.88,52.88,52.83,52.83,3850.0
2012/04/03 00:00:00:000000,52.86,52.93,52.55,52.57,20032.0
2012/04/04 00:00:00:000000,52.69,52.78,52.69,52.74,3943.0
2012/04/05 00:00:00:000000,52.86,52.9,52.83,52.9,9402.0
2012/04/09 00:00:00:000000,53.26,53.26,53.21,53.21,702.0
2012/04/10 00:00:00:000000,53.29,53.41,53.29,53.36,1849.0
2012/04/11 00:00:00:000000,53.26,53.29,53.24,53.27,20452.0
2012/04/12 00:00:00:000000,53.3,53.3,53.21,53.21,2690.0
2012/04/13 00:00:00:000000,53.33,53.38,53.33,53.35,14788.0
2012/04/16 00:00:00:000000,53.39,53.42,53.38,53.41,11155.0
2012/04/17 00:00:00:000000,53.31,53.36,53.31,53.36,4628.0
2012/04/18 00:00:00:000000,53.41,53.42,53.39,53.41,2435.0
2012/04/19 00:00:00:000000,53.44,53.46,53.44,53.46,167.0
2012/04/20 00:00:00:000000,53.39,53.45,53.39,53.45,1900.0
2012/04/23 00:00:00:000000,53.54,53.56,53.53,53.54,7924.0
2012/04/24 00:00:00:000000,53.51,53.51,53.43,53.43,5283.0
2012/04/25 00:00:00:000000,53.33,53.43,53.33,53.43,866.0
2012/04/26 00:00:00:000000,53.55,53.55,53.51,53.52,200.0
2012/04/27 00:00:00:000000,53.51,53.58,53.51,53.56,5982.0
2012/04/30 00:00:00:000000,53.6,53.64,53.6,53.61,4525.0
2012/05/01 00:00:00:000000,53.6,53.6,53.5,53.5,171.0
2012/05/02 00:00:00:000000,53.57,53.57,53.52,53.55,3827.0
2012/05/03 00:00:00:000000,53.48,53.53,53.48,53.53,1260.0
2012/05/04 00:00:00:000000,53.65,53.65,53.64,53.64,527.0
2012/05/07 00:00:00:000000,53.69,53.69,53.67,53.67,430.0
2012/05/08 00:00:00:000000,53.7,53.75,53.7,53.72,11651.0
2012/05/09 00:00:00:000000,53.81,53.82,53.74,53.74,4298.0
2012/05/10 00:00:00:000000,53.68,53.72,53.68,53.72,5082.0
2012/05/11 00:00:00:000000,53.8,53.8,53.74,53.75,10090.0
2012/05/14 00:00:00:000000,53.87,53.9,53.87,53.88,1900.0
2012/05/15 00:00:00:000000,53.87,53.9,53.87,53.9,7853.0
2012/05/16 00:00:00:000000,53.81,53.89,53.81,53.89,507.0
2012/05/17 00:00:00:000000,53.86,53.98,53.86,53.98,3430.0
2012/05/18 00:00:00:000000,53.88,53.96,53.85,53.93,711.0
2012/05/21 00:00:00:000000,53.92,53.92,53.9,53.9,768.0
2012/05/22 00:00:00:000000,53.85,53.85,53.81,53.83,520.0
2012/05/23 00:00:00:000000,53.9,53.96,53.9,53.91,3065.0
2012/05/24 00:00:00:000000,53.83,53.85,53.83,53.85,100.0
2012/05/25 00:00:00:000000,53.91,53.91,53.9,53.9,265.0
2012/05/29 00:00:00:000000,53.95,54.0,53.92,53.92,38854.0
2012/05/30 00:00:00:000000,54.05,54.16,54.05,54.16,2748.0
2012/05/31 00:00:00:000000,54.19,54.29,54.19,54.26,9964.0
2012/06/01 00:00:00:000000,54.41,54.45,54.37,54.44,44416.0
2012/06/04 00:00:00:000000,54.31,54.31,54.22,54.23,9452.0
2012/06/05 00:00:00:000000,54.2,54.21,54.18,54.18,2098.0
2012/06/06 00:00:00:000000,54.15,54.15,54.0,54.02,18940.0
2012/06/07 00:00:00:000000,53.96,54.06,53.96,54.06,72257.0
2012/06/08 00:00:00:000000,54.2,54.2,54.06,54.06,12111.0
2012/06/11 00:00:00:000000,53.99,54.16,53.99,54.16,8125.0
2012/06/12 00:00:00:000000,54.09,54.1,53.98,53.99,11378.0
2012/06/13 00:00:00:000000,54.0,54.12,54.0,54.12,1068.0
2012/06/14 00:00:00:000000,54.1,54.12,54.02,54.02,7584.0
2012/06/15 00:00:00:000000,54.13,54.19,54.13,54.19,2918.0
2012/06/18 00:00:00:000000,54.17,54.19,54.17,54.19,5971.0
2012/06/19 00:00:00:000000,54.12,54.12,54.08,54.1,2200.0
2012/06/20 00:00:00:000000,54.0,54.01,53.99,54.01,1980.0
2012/06/21 00:00:00:000000,54.02,54.09,54.02,54.03,7085.0
2012/06/22 00:00:00:000000,53.92,53.97,53.92,53.93,1270.0
2012/06/25 00:00:00:000000,54.06,54.1,54.06,54.1,3457.0
2012/06/26 00:00:00:000000,54.03,54.07,54.03,54.05,717.0
2012/06/27 00:00:00:000000,54.08,54.08,54.06,54.08,1514.0
2012/06/28 00:00:00:000000,54.17,54.21,54.17,54.18,629.0
2012/06/29 00:00:00:000000,54.01,54.1,54.01,54.09,35152.0
2012/07/02 00:00:00:000000,54.11,54.22,54.11,54.14,24813.0
2012/07/03 00:00:00:000000,54.17,54.18,54.12,54.12,5569.0
2012/07/05 00:00:00:000000,54.15,54.21,54.15,54.2,11059.0
2012/07/06 00:00:00:000000,54.25,54.29,54.24,54.24,19884.0
2012/07/09 00:00:00:000000,54.33,54.37,54.31,54.37,2148.0
2012/07/10 00:00:00:000000,54.35,54.37,54.34,54.36,832.0
2012/07/11 00:00:00:000000,54.36,54.4,54.32,54.32,5250.0
2012/07/12 00:00:00:000000,54.36,54.39,54.36,54.39,1588.0
2012/07/13 00:00:00:000000,54.38,54.38,54.35,54.38,308.0
2012/07/16 00:00:00:000000,54.51,54.51,54.46,54.46,2394.0
2012/07/17 00:00:00:000000,54.43,54.43,54.38,54.38,4401.0
2012/07/18 00:00:00:000000,54.43,54.43,54.43,54.43,1089.0
2012/07/19 00:00:00:000000,54.4,54.43,54.4,54.43,3516.0
2012/07/20 00:00:00:000000,54.49,54.52,54.49,54.51,802.0
2012/07/23 00:00:00:000000,54.65,54.65,54.59,54.59,1340.0
2012/07/24 00:00:00:000000,54.54,54.68,54.54,54.66,14483.0
2012/07/25 00:00:00:000000,54.63,54.63,54.63,54.63,121.0
2012/07/26 00:00:00:000000,54.57,54.58,54.57,54.58,394.0
2012/07/27 00:00:00:000000,54.47,54.47,54.25,54.36,306835.0
2012/07/30 00:00:00:000000,54.33,54.43,54.33,54.43,2900.0
2012/07/31 00:00:00:000000,54.49,54.5,54.49,54.5,1129.0
2012/08/01 00:00:00:000000,54.39,54.44,54.35,54.35,9987.0
2012/08/02 00:00:00:000000,54.41,54.49,54.4,54.4,4234.0
2012/08/03 00:00:00:000000,54.26,54.26,54.2,54.25,1467.0
2012/08/06 00:00:00:000000,54.29,54.32,54.27,54.27,8568.0
2012/08/07 00:00:00:000000,54.12,54.12,54.06,54.09,25112.0
2012/08/08 00:00:00:000000,54.1,54.1,54.03,54.03,2336.0
2012/08/09 00:00:00:000000,54.0,54.0,53.96,53.98,4008.0
2012/08/10 00:00:00:000000,54.14,54.14,54.1,54.12,855.0
2012/08/13 00:00:00:000000,54.17,54.17,54.1,54.1,3471.0
2012/08/14 00:00:00:000000,54.02,54.02,53.98,54.0,10922.0
2012/08/15 00:00:00:000000,53.91,53.91,53.79,53.8,4852.0
2012/08/16 00:00:00:000000,53.84,53.84,53.76,53.76,16477.0
2012/08/17 00:00:00:000000,53.8,53.8,53.8,53.8,200.0
2012/08/20 00:00:00:000000,53.8,53.83,53.8,53.83,16746.0
2012/08/21 00:00:00:000000,53.76,53.84,53.73,53.82,5438.0
2012/08/22 00:00:00:000000,53.94,54.11,53.94,54.09,2396.0
2012/08/23 00:00:00:000000,54.15,54.19,54.15,54.18,230059.0
2012/08/24 00:00:00:000000,54.21,54.22,54.14,54.14,14239.0
2012/08/27 00:00:00:000000,54.18,54.21,54.16,54.19,56280.0
2012/08/28 00:00:00:000000,54.22,54.27,54.2,54.24,4408.0
2012/08/29 00:00:00:000000,54.22,54.22,54.19,54.21,10165.0
2012/08/30 00:00:00:000000,54.26,54.29,54.26,54.28,1860.0
2012/08/31 00:00:00:000000,54.32,54.45,54.32,54.44,20771.0
2012/09/04 00:00:00:000000,54.38,54.38,54.37,54.37,1423.0
2012/09/05 00:00:00:000000,54.36,54.4,54.32,54.32,7410.0
2012/09/06 00:00:00:000000,54.19,54.24,54.17,54.17,2489.0
2012/09/07 00:00:00:000000,54.35,54.35,54.21,54.21,104.0
2012/09/10 00:00:00:000000,54.27,54.27,54.19,54.22,414.0
2012/09/11 00:00:00:000000,54.22,54.22,54.16,54.16,20506.0
2012/09/12 00:00:00:000000,54.09,54.09,54.08,54.08,1271.0
2012/09/13 00:00:00:000000,54.15,54.2,54.15,54.16,5422.0
2012/09/14 00:00:00:000000,54.02,54.02,53.9,53.9,13980.0
2012/09/17 00:00:00:000000,53.92,53.96,53.92,53.96,1631.0
2012/09/18 00:00:00:000000,54.07,54.07,54.01,54.01,612.0
2012/09/19 00:00:00:000000,54.11,54.11,54.06,54.06,2534.0
2012/09/20 00:00:00:000000,54.18,54.18,54.08,54.08,417.0
2012/09/21 00:00:00:000000,54.06,54.14,54.06,54.14,6234.0
2012/09/24 00:00:00:000000,54.16,54.2,54.16,54.19,1163.0
2012/09/25 00:00:00:000000,54.22,54.25,54.19,54.25,27567.0
2012/09/26 00:00:00:000000,54.3,54.37,54.3,54.37,7386.0
2012/09/27 00:00:00:000000,54.34,54.36,54.34,54.36,9857.0
2012/09/28 00:00:00:000000,54.38,54.41,54.36,54.36,27365.0
2012/10/01 00:00:00:000000,54.33,54.36,54.3,54.36,27219.0
2012/10/02 00:00:00:000000,54.3,54.35,54.3,54.35,1730.0
2012/10/03 00:00:00:000000,54.37,54.37,54.34,54.36,27392.0
2012/10/04 00:00:00:000000,54.34,54.36,54.28,54.28,1616.0
2012/10/05 00:00:00:000000,54.19,54.19,54.19,54.19,1486.0
2012/10/08 00:00:00:000000,54.16,54.16,54.16,54.16,222.0
2012/10/09 00:00:00:000000,54.19,54.21,54.18,54.19,5800.0
2012/10/10 00:00:00:000000,54.17,54.25,54.16,54.25,1528.0
2012/10/11 00:00:00:000000,54.16,54.25,54.16,54.25,811.0
2012/10/12 00:00:00:000000,54.27,54.31,54.26,54.26,5408.0
2012/10/15 00:00:00:000000,54.24,54.26,54.24,54.25,25754.0
2012/10/16 00:00:00:000000,54.21,54.21,54.14,54.14,2555.0
2012/10/17 00:00:00:000000,54.06,54.06,53.93,53.93,261.0
2012/10/18 00:00:00:000000,53.96,53.96,53.87,53.87,771.0
2012/10/19 00:00:00:000000,53.91,53.98,53.91,53.97,4421.0
2012/10/22 00:00:00:000000,53.93,53.93,53.88,53.88,1399.0
2012/10/23 00:00:00:000000,53.97,54.01,53.97,54.01,2056.0
2012/10/24 00:00:00:000000,53.96,53.99,53.96,53.99,4166.0
2012/10/25 00:00:00:000000,53.83,53.83,53.79,53.79,36111.0
2012/10/26 00:00:00:000000,53.93,54.01,53.93,54.01,11022.0
2012/10/31 00:00:00:000000,54.07,54.14,54.07,54.14,2724.0
2012/11/01 00:00:00:000000,54.12,54.12,54.08,54.08,22458.0
2012/11/02 00:00:00:000000,54.0,54.07,54.0,54.05,1424.0
2012/11/05 00:00:00:000000,54.18,54.18,54.18,54.18,771.0
2012/11/06 00:00:00:000000,54.13,54.15,54.01,54.01,1498.0
2012/11/07 00:00:00:000000,54.31,54.31,54.29,54.3,377.0
2012/11/08 00:00:00:000000,54.29,54.37,54.26,54.37,3532.0
2012/11/09 00:00:00:000000,54.38,54.38,54.34,54.34,6102.0
2012/11/12 00:00:00:000000,54.41,54.42,54.41,54.42,1297.0
2012/11/13 00:00:00:000000,54.44,54.46,54.44,54.46,327.0
2012/11/14 00:00:00:000000,54.36,54.44,54.36,54.44,12517.0
2012/11/15 00:00:00:000000,54.4,54.45,54.4,54.45,18766.0
2012/11/16 00:00:00:000000,54.43,54.5,54.43,54.5,1949.0
2012/11/19 00:00:00:000000,54.41,54.43,54.4,54.43,56171.0
2012/11/20 00:00:00:000000,54.39,54.39,54.32,54.33,36358.0
2012/11/21 00:00:00:000000,54.27,54.28,54.26,54.27,10411.0
2012/11/23 00:00:00:000000,54.27,54.27,54.24,54.25,18815.0
2012/11/26 00:00:00:000000,54.31,54.36,54.29,54.3,11358.0
2012/11/27 00:00:00:000000,54.32,54.38,54.32,54.38,77083.0
2012/11/28 00:00:00:000000,54.42,54.44,54.41,54.42,40010.0
2012/11/29 00:00:00:000000,54.4,54.44,54.4,54.43,12138.0
2012/11/30 00:00:00:000000,54.47,54.48,54.44,54.45,18842.0
2012/12/03 00:00:00:000000,54.37,54.42,54.37,54.41,145091.0
2012/12/04 00:00:00:000000,54.45,54.45,54.41,54.42,9054.0
2012/12/05 00:00:00:000000,54.48,54.52,54.47,54.48,38782.0
2012/12/06 00:00:00:000000,54.53,54.55,54.5,54.52,16628.0
2012/12/07 00:00:00:000000,54.4,54.47,54.4,54.42,11047.0
2012/12/10 00:00:00:000000,54.46,54.47,54.43,54.46,8138.0
2012/12/11 00:00:00:000000,54.4,54.41,54.36,54.41,8312.0
2012/12/12 00:00:00:000000,54.38,54.39,54.3,54.3,40480.0
2012/12/13 00:00:00:000000,54.28,54.28,54.2,54.23,37595.0
2012/12/14 00:00:00:000000,54.25,54.27,54.24,54.27,26466.0
2012/12/17 00:00:00:000000,54.25,54.25,54.12,54.13,27472.0
2012/12/18 00:00:00:000000,54.08,54.1,53.97,54.01,38033.0
2012/12/19 00:00:00:000000,54.02,54.1,54.02,54.04,193159.0
2012/12/20 00:00:00:000000,54.1,54.1,54.05,54.05,7733.0
2012/12/21 00:00:00:000000,54.15,54.16,54.1,54.12,20511.0
2012/12/24 00:00:00:000000,54.06,54.1,54.06,54.1,5723.0
2012/12/26 00:00:00:000000,54.11,54.16,54.11,54.15,30697.0
2012/12/27 00:00:00:000000,54.08,54.23,54.08,54.16,28028.0
2012/12/28 00:00:00:000000,54.24,54.25,54.19,54.21,6457.0
2012/12/31 00:00:00:000000,54.19,54.22,54.03,54.08,20835.0
2013/01/02 00:00:00:000000,54.02,54.05,53.98,54.03,112580.0
2013/01/03 00:00:00:000000,54.03,54.03,53.85,53.86,81644.0
2013/01/04 00:00:00:000000,53.84,53.88,53.8,53.84,12486.0
2013/01/07 00:00:00:000000,53.86,53.9,53.85,53.89,22189.0
2013/01/08 00:00:00:000000,53.94,53.96,53.93,53.95,24154.0
2013/01/09 00:00:00:000000,53.98,54.03,53.95,54.01,78120.0
2013/01/10 00:00:00:000000,53.94,53.95,53.91,53.91,201692.0
2013/01/11 00:00:00:000000,53.86,53.98,53.86,53.97,24919.0
2013/01/14 00:00:00:000000,54.03,54.05,53.99,54.02,22835.0
2013/01/15 00:00:00:000000,54.11,54.11,54.06,54.07,15613.0
2013/01/16 00:00:00:000000,54.14,54.14,54.07,54.08,6310.0
2013/01/17 00:00:00:000000,54.0,54.0,53.94,53.97,84212.0
2013/01/18 00:00:00:000000,54.0,54.05,53.99,54.03,64357.0
2013/01/22 00:00:00:000000,53.98,54.09,53.98,54.07,10869.0
2013/01/23 00:00:00:000000,54.12,54.12,54.07,54.08,41548.0
2013/01/24 00:00:00:000000,54.08,54.08,54.01,54.03,27290.0
2013/01/25 00:00:00:000000,53.9,53.9,53.78,53.81,18910.0
2013/01/28 00:00:00:000000,53.69,53.75,53.69,53.75,50135.0
2013/01/29 00:00:00:000000,53.76,53.79,53.72,53.72,29807.0
2013/01/30 00:00:00:000000,53.7,53.77,53.69,53.76,35621.0
2013/01/31 00:00:00:000000,53.78,53.78,53.73,53.75,56163.0
2013/02/01 00:00:00:000000,53.88,53.88,53.65,53.65,173020.0
2013/02/04 00:00:00:000000,53.77,53.85,53.75,53.82,23344.0
2013/02/05 00:00:00:000000,53.74,53.75,53.72,53.73,25870.0
2013/02/06 00:00:00:000000,53.8,53.85,53.78,53.84,63462.0
2013/02/07 00:00:00:000000,53.84,53.9,53.84,53.85,44385.0
2013/02/08 00:00:00:000000,53.86,53.87,53.78,53.85,47405.0
2013/02/11 00:00:00:000000,53.83,53.87,53.83,53.84,13761.0
2013/02/12 00:00:00:000000,53.75,53.81,53.75,53.77,15878.0
2013/02/13 00:00:00:000000,53.68,53.72,53.64,53.68,78978.0
2013/02/14 00:00:00:000000,53.73,53.8,53.7,53.78,10823.0
2013/02/15 00:00:00:000000,53.75,53.78,53.71,53.75,10373.0
2013/02/19 00:00:00:000000,53.82,53.82,53.72,53.74,21931.0
2013/02/20 00:00:00:000000,53.69,53.79,53.69,53.77,24385.0
2013/02/21 00:00:00:000000,53.88,53.89,53.83,53.83,20393.0
2013/02/22 00:00:00:000000,53.86,53.88,53.84,53.87,15639.0
2013/02/25 00:00:00:000000,53.84,54.09,53.84,54.08,15964.0
2013/02/26 00:00:00:000000,54.05,54.16,54.05,54.1,6157.0
2013/02/27 00:00:00:000000,54.17,54.17,54.06,54.07,50404.0
2013/02/28 00:00:00:000000,54.1,54.13,54.08,54.13,17878.0
2013/03/01 00:00:00:000000,54.11,54.15,54.11,54.13,140391.0
2013/03/04 00:00:00:000000,54.15,54.15,54.1,54.1,15070.0
2013/03/05 00:00:00:000000,54.08,54.08,54.03,54.05,9159.0
2013/03/06 00:00:00:000000,53.99,54.01,53.96,53.96,22828.0
2013/03/07 00:00:00:000000,53.89,53.89,53.83,53.83,18546.0
2013/03/08 00:00:00:000000,53.69,53.73,53.67,53.71,17648.0
2013/03/11 00:00:00:000000,53.72,53.73,53.69,53.7,11406.0
2013/03/12 00:00:00:000000,53.74,53.8,53.74,53.79,13805.0
2013/03/13 00:00:00:000000,53.75,53.78,53.71,53.75,13929.0
2013/03/14 00:00:00:000000,53.71,53.8,53.7,53.79,46203.0
2013/03/15 00:00:00:000000,53.75,53.89,53.75,53.86,27450.0
2013/03/18 00:00:00:000000,54.0,54.0,53.95,54.0,74161.0
2013/03/19 00:00:00:000000,54.01,54.09,54.01,54.05,30193.0
2013/03/20 00:00:00:000000,54.01,54.01,53.97,53.97,13442.0
2013/03/21 00:00:00:000000,54.03,54.04,54.0,54.01,7573.0
2013/03/22 00:00:00:000000,54.04,54.05,53.98,54.03,13924.0
2013/03/25 00:00:00:000000,54.01,54.08,53.98,54.07,13210.0
2013/03/26 00:00:00:000000,54.02,54.11,54.01,54.08,17247.0
2013/03/27 00:00:00:000000,54.21,54.24,54.2,54.22,10452.0
2013/03/28 00:00:00:000000,54.16,54.21,54.16,54.17,15934.0
2013/04/01 00:00:00:000000,54.15,54.21,54.15,54.18,60996.0
2013/04/02 00:00:00:000000,54.16,54.16,54.12,54.13,32387.0
2013/04/03 00:00:00:000000,54.17,54.29,54.17,54.29,17888.0
2013/04/04 00:00:00:000000,54.33,54.39,54.32,54.38,10773.0
2013/04/05 00:00:00:000000,54.46,54.49,54.43,54.44,15104.0
2013/04/08 00:00:00:000000,54.44,54.45,54.37,54.38,15921.0
2013/04/09 00:00:00:000000,54.42,54.43,54.37,54.37,22056.0
2013/04/10 00:00:00:000000,54.33,54.33,54.25,54.27,29302.0
2013/04/11 00:00:00:000000,54.3,54.32,54.27,54.3,154631.0
2013/04/12 00:00:00:000000,54.39,54.43,54.38,54.43,43858.0
2013/04/15 00:00:00:000000,54.44,54.49,54.42,54.49,17704.0
2013/04/16 00:00:00:000000,54.42,54.44,54.41,54.43,128718.0
2013/04/17 00:00:00:000000,54.42,54.5,54.42,54.46,16408.0
2013/04/18 00:00:00:000000,54.5,54.5,54.44,54.45,17693.0
2013/04/19 00:00:00:000000,54.46,54.46,54.42,54.43,21455.0
2013/04/22 00:00:00:000000,54.48,54.49,54.46,54.46,50165.0
2013/04/23 00:00:00:000000,54.5,54.6,54.44,54.44,31583.0
2013/04/24 00:00:00:000000,54.45,54.48,54.45,54.48,40453.0
2013/04/25 00:00:00:000000,54.45,54.46,54.41,54.46,13036.0
2013/04/26 00:00:00:000000,54.52,54.55,54.51,54.54,22455.0
2013/04/29 00:00:00:000000,54.6,54.6,54.55,54.56,28469.0
2013/04/30 00:00:00:000000,54.62,54.62,54.54,54.56,43660.0
2013/05/01 00:00:00:000000,54.59,54.63,54.57,54.59,106840.0
2013/05/02 00:00:00:000000,54.59,54.61,54.57,54.58,20399.0
2013/05/03 00:00:00:000000,54.45,54.45,54.33,54.34,10749.0
2013/05/06 00:00:00:000000,54.37,54.37,54.29,54.32,44438.0
2013/05/07 00:00:00:000000,54.29,54.3,54.27,54.28,36753.0
2013/05/08 00:00:00:000000,54.29,54.34,54.29,54.31,30292.0
2013/05/09 00:00:00:000000,54.31,54.38,54.29,54.32,41635.0
2013/05/10 00:00:00:000000,54.25,54.25,54.06,54.13,30750.0
2013/05/13 00:00:00:000000,54.09,54.1,54.06,54.08,12907.0
2013/05/14 00:00:00:000000,54.11,54.12,53.96,53.96,62383.0
2013/05/15 00:00:00:000000,54.08,54.08,53.98,54.03,24275.0
2013/05/16 00:00:00:000000,54.14,54.23,54.14,54.17,17281.0
2013/05/17 00:00:00:000000,54.15,54.15,54.02,54.04,35423.0
2013/05/20 00:00:00:000000,54.08,54.09,54.01,54.01,10370.0
2013/05/21 00:00:00:000000,54.02,54.1,53.96,54.1,21687.0
2013/05/22 00:00:00:000000,54.13,54.17,53.86,53.86,49264.0
2013/05/23 00:00:00:000000,53.98,53.98,53.84,53.88,16780.0
2013/05/24 00:00:00:000000,53.91,53.95,53.86,53.86,17321.0
2013/05/28 00:00:00:000000,53.81,53.81,53.54,53.54,43677.0
2013/05/29 00:00:00:000000,53.53,53.61,53.5,53.61,93937.0
2013/05/30 00:00:00:000000,53.63,53.68,53.58,53.64,45521.0
2013/05/31 00:00:00:000000,53.68,53.68,53.43,53.54,40207.0
2013/06/03 00:00:00:000000,53.45,53.68,53.45,53.56,83586.0
2013/06/04 00:00:00:000000,53.5,53.55,53.48,53.52,12515.0
2013/06/05 00:00:00:000000,53.54,53.64,53.54,53.62,20814.0
2013/06/06 00:00:00:000000,53.6,53.8,53.56,53.62,11292.0
2013/06/07 00:00:00:000000,53.54,53.56,53.4,53.4,25213.0
2013/06/10 00:00:00:000000,53.31,53.37,53.27,53.32,35375.0
2013/06/11 00:00:00:000000,53.2,53.36,53.19,53.36,18482.0
2013/06/12 00:00:00:000000,53.3,53.38,53.25,53.25,11455.0
2013/06/13 00:00:00:000000,53.31,53.46,53.31,53.46,29256.0
2013/06/14 00:00:00:000000,53.56,53.64,53.56,53.6,242935.0
2013/06/17 00:00:00:000000,53.63,53.63,53.5,53.52,13749.0
2013/06/18 00:00:00:000000,53.42,53.52,53.42,53.51,17880.0
2013/06/19 00:00:00:000000,53.5,53.5,52.97,53.02,13102.0
2013/06/20 00:00:00:000000,52.87,52.97,52.79,52.91,20807.0
2013/06/21 00:00:00:000000,52.84,52.84,52.54,52.54,55462.0
2013/06/24 00:00:00:000000,52.26,52.52,52.24,52.44,18649.0
2013/06/25 00:00:00:000000,52.58,52.58,52.39,52.41,333174.0
2013/06/26 00:00:00:000000,52.59,52.6,52.45,52.54,15995.0
2013/06/27 00:00:00:000000,52.65,52.71,52.61,52.71,11121.0
2013/06/28 00:00:00:000000,52.58,52.69,52.56,52.68,13728.0
2013/07/01 00:00:00:000000,52.58,52.68,52.58,52.66,55377.0
2013/07/02 00:00:00:000000,52.68,52.69,52.63,52.67,24713.0
2013/07/03 00:00:00:000000,52.72,52.74,52.63,52.63,10767.0
2013/07/05 00:00:00:000000,52.2,52.21,52.07,52.07,11747.0
2013/07/08 00:00:00:000000,52.2,52.33,52.2,52.3,30209.0
2013/07/09 00:00:00:000000,52.35,52.38,52.33,52.34,26981.0
2013/07/10 00:00:00:000000,52.4,52.4,52.26,52.26,16440.0
2013/07/11 00:00:00:000000,52.47,52.6,52.47,52.59,19019.0
2013/07/12 00:00:00:000000,52.75,52.75,52.5,52.54,18627.0
2013/07/15 00:00:00:000000,52.59,52.66,52.59,52.63,11531.0
2013/07/16 00:00:00:000000,52.73,52.73,52.65,52.7,43458.0
2013/07/17 00:00:00:000000,52.87,52.89,52.8,52.82,13784.0
2013/07/18 00:00:00:000000,52.83,52.83,52.71,52.71,24070.0
2013/07/19 00:00:00:000000,52.79,52.87,52.79,52.85,61971.0
2013/07/22 00:00:00:000000,52.85,52.89,52.84,52.87,29111.0
2013/07/23 00:00:00:000000,52.79,52.84,52.76,52.81,36418.0
2013/07/24 00:00:00:000000,52.66,52.67,52.56,52.63,35709.0
2013/07/25 00:00:00:000000,52.56,52.7,52.56,52.7,21872.0
2013/07/26 00:00:00:000000,52.74,52.74,52.69,52.73,255893.0
2013/07/29 00:00:00:000000,52.74,52.75,52.66,52.7,22831.0
2013/07/30 00:00:00:000000,52.73,52.75,52.69,52.69,9952.0
2013/07/31 00:00:00:000000,52.5,52.72,52.48,52.7,13620.0
2013/08/01 00:00:00:000000,52.57,52.57,52.35,52.36,52716.0
2013/08/02 00:00:00:000000,52.52,52.68,52.52,52.65,35759.0
2013/08/05 00:00:00:000000,52.61,52.63,52.57,52.6,15294.0
2013/08/06 00:00:00:000000,52.59,52.62,52.58,52.6,12712.0
2013/08/07 00:00:00:000000,52.63,52.71,52.63,52.71,13799.0
2013/08/08 00:00:00:000000,52.72,52.76,52.72,52.73,7851.0
2013/08/09 00:00:00:000000,52.75,52.75,52.69,52.73,6737.0
2013/08/12 00:00:00:000000,52.83,52.83,52.69,52.69,10738.0
2013/08/13 00:00:00:000000,52.51,52.51,52.39,52.41,35467.0
2013/08/14 00:00:00:000000,52.38,52.46,52.38,52.43,15949.0
2013/08/15 00:00:00:000000,52.3,52.39,52.2,52.31,24074.0
2013/08/16 00:00:00:000000,52.29,52.29,52.08,52.17,2113644.0
2013/08/19 00:00:00:000000,52.11,52.12,52.05,52.08,47150.0
2013/08/20 00:00:00:000000,52.17,52.25,52.17,52.24,41178.0
2013/08/21 00:00:00:000000,52.19,52.23,51.7,52.01,32792.0
2013/08/22 00:00:00:000000,52.0,52.03,51.84,51.91,176289.0
2013/08/23 00:00:00:000000,51.93,52.12,51.88,52.04,60723.0
2013/08/26 00:00:00:000000,52.16,52.16,52.11,52.14,13198.0
2013/08/27 00:00:00:000000,52.27,52.35,52.23,52.33,21173.0
2013/08/28 00:00:00:000000,52.26,52.26,52.15,52.2,25402.0
2013/08/29 00:00:00:000000,52.13,52.26,52.12,52.24,25992.0
2013/08/30 00:00:00:000000,52.26,52.27,52.15,52.17,110148.0
2013/09/03 00:00:00:000000,52.03,52.03,51.83,52.0,92325.0
2013/09/04 00:00:00:000000,51.97,51.97,51.82,51.83,26283.0
2013/09/05 00:00:00:000000,51.7,51.7,51.56,51.56,44133.0
2013/09/06 00:00:00:000000,51.84,51.87,51.74,51.75,37025.0
2013/09/09 00:00:00:000000,51.96,51.96,51.87,51.87,15331.0
2013/09/10 00:00:00:000000,51.79,51.83,51.73,51.73,19088.0
2013/09/11 00:00:00:000000,51.89,51.92,51.78,51.9,18022.0
2013/09/12 00:00:00:000000,52.0,52.02,51.89,51.9,13924.0
2013/09/13 00:00:00:000000,51.92,51.97,51.92,51.95,12176.0
2013/09/16 00:00:00:000000,52.27,52.29,52.07,52.08,15728.0
2013/09/17 00:00:00:000000,52.15,52.17,52.08,52.14,13998.0
2013/09/18 00:00:00:000000,52.14,52.75,52.02,52.54,54016.0
2013/09/19 00:00:00:000000,52.62,52.62,52.46,52.48,21999.0
2013/09/20 00:00:00:000000,52.5,52.53,52.43,52.5,17606.0
2013/09/23 00:00:00:000000,52.55,52.59,52.53,52.57,14820.0
2013/09/24 00:00:00:000000,52.64,52.71,52.62,52.69,18416.0
2013/09/25 00:00:00:000000,52.7,52.78,52.69,52.78,16739.0
2013/09/26 00:00:00:000000,52.74,52.74,52.67,52.71,17365.0
2013/09/27 00:00:00:000000,52.79,52.82,52.76,52.81,52068.0
2013/09/30 00:00:00:000000,52.77,52.84,52.73,52.84,22733.0
2013/10/01 00:00:00:000000,52.75,52.75,52.66,52.68,81536.0
2013/10/02 00:00:00:000000,52.8,52.84,52.75,52.79,13057.0
2013/10/03 00:00:00:000000,52.74,52.88,52.74,52.81,20044.0
2013/10/04 00:00:00:000000,52.79,52.8,52.68,52.72,25611.0
2013/10/07 00:00:00:000000,52.86,52.86,52.72,52.75,23479.0
2013/10/08 00:00:00:000000,52.76,52.76,52.67,52.69,31985.0
2013/10/09 00:00:00:000000,52.69,52.74,52.66,52.71,12589.0
2013/10/10 00:00:00:000000,52.59,52.64,52.56,52.62,17592.0
2013/10/11 00:00:00:000000,52.69,52.75,52.65,52.65,14093.0
2013/10/14 00:00:00:000000,52.74,52.75,52.53,52.54,11773.0
2013/10/15 00:00:00:000000,52.7,52.7,52.58,52.6,18602.0
2013/10/16 00:00:00:000000,52.62,52.76,52.53,52.75,18317.0
2013/10/17 00:00:00:000000,52.87,52.95,52.86,52.91,85515.0
2013/10/18 00:00:00:000000,52.99,52.99,52.92,52.93,15868.0
2013/10/21 00:00:00:000000,52.89,52.94,52.86,52.89,39973.0
2013/10/22 00:00:00:000000,53.06,53.11,53.06,53.09,8774.0
2013/10/23 00:00:00:000000,53.12,53.18,53.09,53.1,2218951.0
2013/10/24 00:00:00:000000,53.13,53.13,53.04,53.06,250935.0
2013/10/25 00:00:00:000000,53.05,53.13,53.05,53.13,27129.0
2013/10/28 00:00:00:000000,53.09,53.13,53.09,53.1,35651.0
2013/10/29 00:00:00:000000,53.08,53.18,53.08,53.17,29746.0
2013/10/30 00:00:00:000000,53.21,53.55,53.08,53.08,68111.0
2013/10/31 00:00:00:000000,53.16,53.18,52.99,53.05,28624.0
2013/11/01 00:00:00:000000,52.93,52.93,52.81,52.84,27039.0
2013/11/04 00:00:00:000000,52.95,52.95,52.89,52.9,9863.0
2013/11/05 00:00:00:000000,52.85,52.85,52.78,52.81,7862.0
2013/11/06 00:00:00:000000,52.86,52.93,52.86,52.89,15712.0
2013/11/07 00:00:00:000000,52.95,53.0,52.95,52.99,6351.0
2013/11/08 00:00:00:000000,52.68,52.69,52.65,52.67,19761.0
2013/11/11 00:00:00:000000,52.64,52.75,52.64,52.68,7728.0
2013/11/12 00:00:00:000000,52.65,52.66,52.59,52.61,12074.0
2013/11/13 00:00:00:000000,52.72,52.79,52.69,52.75,12738.0
2013/11/14 00:00:00:000000,52.85,52.92,52.81,52.92,13127.0
2013/11/15 00:00:00:000000,52.89,52.9,52.86,52.89,7916.0
2013/11/18 00:00:00:000000,52.92,53.0,52.9,53.0,31744.0
2013/11/19 00:00:00:000000,52.94,52.97,52.87,52.9,12784.0
2013/11/20 00:00:00:000000,52.91,52.98,52.76,52.77,16418.0
2013/11/21 00:00:00:000000,52.72,52.84,52.72,52.8,8097.0
2013/11/22 00:00:00:000000,52.81,52.87,52.79,52.87,65933.0
2013/11/25 00:00:00:000000,52.87,52.92,52.87,52.88,8214.0
2013/11/26 00:00:00:000000,52.92,53.0,52.92,52.96,12569.0
2013/11/27 00:00:00:000000,52.95,52.95,52.83,52.91,22004.0
2013/11/29 00:00:00:000000,52.84,52.88,52.84,52.88,66390.0
2013/12/02 00:00:00:000000,52.85,52.85,52.67,52.73,96084.0
2013/12/03 00:00:00:000000,52.83,52.83,52.77,52.81,343872.0
2013/12/04 00:00:00:000000,52.64,52.68,52.63,52.67,12643.0
2013/12/05 00:00:00:000000,52.61,52.63,52.54,52.57,15875.0
2013/12/06 00:00:00:000000,52.55,52.62,52.52,52.56,17315.0
2013/12/09 00:00:00:000000,52.63,52.63,52.54,52.57,16250.0
2013/12/10 00:00:00:000000,52.66,52.7,52.62,52.7,14912.0
2013/12/11 00:00:00:000000,52.64,52.67,52.59,52.61,28775.0
2013/12/12 00:00:00:000000,52.55,52.55,52.47,52.48,41911.0
2013/12/13 00:00:00:000000,52.56,52.56,52.48,52.52,6995.0
2013/12/16 00:00:00:000000,52.6,52.6,52.47,52.51,7793.0
2013/12/17 00:00:00:000000,52.51,52.59,52.51,52.58,9543.0
2013/12/18 00:00:00:000000,52.51,52.61,52.42,52.48,152531.0
2013/12/19 00:00:00:000000,52.32,52.33,52.28,52.32,20719.0
2013/12/20 00:00:00:000000,52.31,52.37,52.28,52.32,92287.0
2013/12/23 00:00:00:000000,52.3,52.32,52.24,52.24,99831.0
2013/12/24 00:00:00:000000,52.18,52.19,52.1,52.14,20167.0
2013/12/26 00:00:00:000000,52.1,52.16,52.08,52.1,29744.0
2013/12/27 00:00:00:000000,52.07,52.1,52.03,52.07,16284.0
2013/12/30 00:00:00:000000,52.13,52.16,52.1,52.16,37623.0
2013/12/31 00:00:00:000000,52.1,52.13,52.04,52.07,27440.0
2014/01/02 00:00:00:000000,52.1,52.16,52.08,52.15,76333.0
2014/01/03 00:00:00:000000,52.11,52.19,52.08,52.11,14455.0
2014/01/06 00:00:00:000000,52.16,52.24,52.15,52.21,42126.0
2014/01/07 00:00:00:000000,52.24,52.29,52.21,52.26,25915.0
2014/01/08 00:00:00:000000,52.14,52.14,52.04,52.06,22664.0
2014/01/09 00:00:00:000000,52.09,52.13,52.05,52.13,10999.0
2014/01/10 00:00:00:000000,52.3,52.42,52.3,52.42,26018.0
2014/01/13 00:00:00:000000,52.45,52.53,52.45,52.5,75701.0
2014/01/14 00:00:00:000000,52.46,52.47,52.37,52.39,16098.0
2014/01/15 00:00:00:000000,52.28,52.32,52.26,52.32,10514.0
2014/01/16 00:00:00:000000,52.4,52.43,52.39,52.41,20444.0
2014/01/17 00:00:00:000000,52.41,52.46,52.38,52.46,14504.0
2014/01/21 00:00:00:000000,52.39,52.45,52.39,52.43,25481.0
2014/01/22 00:00:00:000000,52.31,52.37,52.29,52.32,24211.0
2014/01/23 00:00:00:000000,52.42,52.57,52.42,52.55,17777.0
2014/01/24 00:00:00:000000,52.68,52.72,52.62,52.67,114937.0
2014/01/27 00:00:00:000000,52.63,52.71,52.58,52.6,22791.0
2014/01/28 00:00:00:000000,52.65,52.66,52.6,52.66,14540.0
2014/01/29 00:00:00:000000,52.78,52.84,52.74,52.81,26750.0
2014/01/30 00:00:00:000000,52.76,52.78,52.7,52.78,12734.0
2014/01/31 00:00:00:000000,52.85,52.9,52.84,52.87,31335.0
2014/02/03 00:00:00:000000,52.8,53.03,52.8,53.03,63524.0
2014/02/04 00:00:00:000000,52.92,52.96,52.91,52.95,26500.0
2014/02/05 00:00:00:000000,52.92,52.92,52.84,52.84,713194.0
2014/02/06 00:00:00:000000,52.82,52.82,52.76,52.77,40173.0
2014/02/07 00:00:00:000000,52.82,52.91,52.82,52.88,10459.0
2014/02/10 00:00:00:000000,52.88,52.92,52.87,52.89,17315.0
2014/02/11 00:00:00:000000,52.74,52.79,52.73,52.75,80599.0
2014/02/12 00:00:00:000000,52.7,52.7,52.6,52.64,99441.0
2014/02/13 00:00:00:000000,52.78,52.84,52.75,52.82,48395.0
2014/02/14 00:00:00:000000,52.82,52.82,52.73,52.78,33151.0
2014/02/18 00:00:00:000000,52.81,52.92,52.81,52.89,24196.0
2014/02/19 00:00:00:000000,52.98,52.98,52.8,52.83,21676.0
2014/02/20 00:00:00:000000,52.77,52.84,52.7,52.77,27289.0
2014/02/21 00:00:00:000000,52.73,52.81,52.72,52.8,8352.0
2014/02/24 00:00:00:000000,52.81,52.81,52.7,52.76,21585.0
2014/02/25 00:00:00:000000,52.82,52.89,52.81,52.86,23051.0
2014/02/26 00:00:00:000000,52.88,52.97,52.86,52.97,21122.0
2014/02/27 00:00:00:000000,52.99,53.03,52.94,53.01,20105.0
2014/02/28 00:00:00:000000,52.89,52.96,52.84,52.96,33119.0
2014/03/03 00:00:00:000000,52.96,53.07,52.92,53.04,212362.0
2014/03/04 00:00:00:000000,52.96,52.96,52.82,52.82,37602.0
2014/03/05 00:00:00:000000,52.8,52.88,52.75,52.85,41275.0
2014/03/06 00:00:00:000000,52.71,52.76,52.7,52.74,46623.0
2014/03/07 00:00:00:000000,52.56,52.62,52.55,52.57,28107.0
2014/03/10 00:00:00:000000,52.56,52.63,52.56,52.61,17921.0
2014/03/11 00:00:00:000000,52.62,52.65,52.56,52.64,13484.0
2014/03/12 00:00:00:000000,52.73,52.75,52.69,52.74,6812.0
2014/03/13 00:00:00:000000,52.65,52.91,52.63,52.9,17030.0
2014/03/14 00:00:00:000000,52.97,52.97,52.86,52.91,8919.0
2014/03/17 00:00:00:000000,52.82,52.89,52.77,52.81,13990.0
2014/03/18 00:00:00:000000,52.79,52.88,52.79,52.88,17420.0
2014/03/19 00:00:00:000000,52.85,52.85,52.42,52.46,21799.0
2014/03/20 00:00:00:000000,52.48,52.5,52.44,52.49,15493.0
2014/03/21 00:00:00:000000,52.48,52.52,52.45,52.52,16142.0
2014/03/24 00:00:00:000000,52.42,52.49,52.42,52.46,27079.0
2014/03/25 00:00:00:000000,52.48,52.53,52.47,52.49,22128.0
2014/03/26 00:00:00:000000,52.52,52.63,52.52,52.6,10665.0
2014/03/27 00:00:00:000000,52.56,52.63,52.56,52.61,15093.0
2014/03/28 00:00:00:000000,52.57,52.59,52.49,52.5,16599.0
2014/03/31 00:00:00:000000,52.43,52.55,52.4,52.55,26894.0
2014/04/01 00:00:00:000000,52.43,52.48,52.41,52.45,166534.0
2014/04/02 00:00:00:000000,52.36,52.36,52.26,52.31,85331.0
2014/04/03 00:00:00:000000,52.28,52.35,52.27,52.32,12247.0
2014/04/04 00:00:00:000000,52.41,52.55,52.41,52.52,22161.0
2014/04/07 00:00:00:000000,52.62,52.67,52.6,52.62,17492.0
2014/04/08 00:00:00:000000,52.62,52.67,52.58,52.66,12991.0
2014/04/09 00:00:00:000000,52.57,52.75,52.53,52.72,16897.0
2014/04/10 00:00:00:000000,52.75,52.92,52.75,52.84,13821.0
2014/04/11 00:00:00:000000,52.92,52.92,52.86,52.91,8957.0
2014/04/14 00:00:00:000000,52.92,52.92,52.81,52.84,16904.0
2014/04/15 00:00:00:000000,52.76,52.91,52.76,52.86,12628.0
2014/04/16 00:00:00:000000,52.78,52.79,52.68,52.7,67422.0
2014/04/17 00:00:00:000000,52.65,52.67,52.45,52.46,29246.0
2014/04/21 00:00:00:000000,52.6,52.6,52.54,52.55,1904358.0
2014/04/22 00:00:00:000000,52.52,52.54,52.48,52.53,20513.0
2014/04/23 00:00:00:000000,52.57,52.66,52.57,52.6,28793.0
2014/04/24 00:00:00:000000,52.58,52.62,52.56,52.58,23173.0
2014/04/25 00:00:00:000000,52.66,52.72,52.61,52.64,68326.0
2014/04/28 00:00:00:000000,52.6,52.65,52.56,52.58,18086.0
2014/04/29 00:00:00:000000,52.59,52.64,52.56,52.64,14883.0
2014/04/30 00:00:00:000000,52.69,52.76,52.68,52.76,21276.0
2014/05/01 00:00:00:000000,52.68,52.8,52.65,52.75,158886.0
2014/05/02 00:00:00:000000,52.63,52.81,52.59,52.74,17236.0
2014/05/05 00:00:00:000000,52.8,52.8,52.71,52.72,8562.0
2014/05/06 00:00:00:000000,52.74,52.76,52.71,52.75,19846.0
2014/05/07 00:00:00:000000,52.74,52.83,52.7,52.81,15494.0
2014/05/08 00:00:00:000000,52.83,52.91,52.81,52.85,17846.0
2014/05/09 00:00:00:000000,52.94,52.94,52.83,52.88,15735.0
2014/05/12 00:00:00:000000,52.8,52.83,52.78,52.79,14226.0
2014/05/13 00:00:00:000000,52.89,52.91,52.86,52.91,18574.0
2014/05/14 00:00:00:000000,52.99,53.12,52.99,53.06,29144.0
2014/05/15 00:00:00:000000,53.09,53.22,53.09,53.14,61754.0
2014/05/16 00:00:00:000000,53.11,53.14,53.08,53.08,12121.0
2014/05/19 00:00:00:000000,53.17,53.21,53.09,53.11,5373.0
2014/05/20 00:00:00:000000,53.12,53.22,53.12,53.2,67403.0
2014/05/21 00:00:00:000000,53.14,53.16,53.1,53.14,7411.0
2014/05/22 00:00:00:000000,53.14,53.14,53.08,53.08,10433.0
2014/05/23 00:00:00:000000,53.12,53.2,53.12,53.2,19198.0
2014/05/27 00:00:00:000000,53.17,53.23,53.1,53.19,59016.0
2014/05/28 00:00:00:000000,53.31,53.39,53.3,53.37,54694.0
2014/05/29 00:00:00:000000,53.35,53.45,53.31,53.31,10779.0
2014/05/30 00:00:00:000000,53.28,53.3,53.22,53.27,22316.0
2014/06/02 00:00:00:000000,53.14,53.15,53.01,53.03,143912.0
2014/06/03 00:00:00:000000,52.99,52.99,52.88,52.89,45445.0
2014/06/04 00:00:00:000000,52.97,52.97,52.84,52.87,20243.0
2014/06/05 00:00:00:000000,52.92,52.97,52.91,52.94,262043.0
2014/06/06 00:00:00:000000,52.96,52.98,52.88,52.88,23600.0
2014/06/09 00:00:00:000000,52.84,52.85,52.79,52.82,22480.0
2014/06/10 00:00:00:000000,52.76,52.79,52.72,52.76,42552.0
2014/06/11 00:00:00:000000,52.8,52.84,52.78,52.78,11111.0
2014/06/12 00:00:00:000000,52.8,52.93,52.8,52.9,13752.0
2014/06/13 00:00:00:000000,52.76,52.86,52.76,52.84,7594.0
2014/06/16 00:00:00:000000,52.84,52.86,52.8,52.82,25449.0
2014/06/17 00:00:00:000000,52.77,52.77,52.68,52.7,16112.0
2014/06/18 00:00:00:000000,52.8,52.95,52.72,52.86,21669.0
2014/06/19 00:00:00:000000,52.96,52.96,52.8,52.84,29957.0
2014/06/20 00:00:00:000000,52.8,52.85,52.79,52.83,27346.0
2014/06/23 00:00:00:000000,52.89,52.9,52.82,52.84,18512.0
2014/06/24 00:00:00:000000,52.91,52.93,52.83,52.93,17400.0
2014/06/25 00:00:00:000000,53.05,53.05,52.97,52.99,17479.0
2014/06/26 00:00:00:000000,53.04,53.11,53.04,53.07,18337.0
2014/06/27 00:00:00:000000,53.13,53.14,53.07,53.09,5890.0
2014/06/30 00:00:00:000000,53.14,53.14,53.07,53.14,27255.0
2014/07/01 00:00:00:000000,52.96,53.22,52.91,52.96,107053.0
2014/07/02 00:00:00:000000,52.87,52.87,52.79,52.8,17108.0
2014/07/03 00:00:00:000000,52.68,52.74,52.66,52.73,6021.0
2014/07/07 00:00:00:000000,52.76,52.8,52.74,52.78,15747.0
2014/07/08 00:00:00:000000,52.89,52.92,52.87,52.91,17299.0
2014/07/09 00:00:00:000000,52.87,52.97,52.8,52.95,14102.0
2014/07/10 00:00:00:000000,53.42,53.42,52.99,52.99,59418.0
2014/07/11 00:00:00:000000,53.0,53.08,53.0,53.05,22254.0
2014/07/14 00:00:00:000000,53.01,53.01,52.95,52.98,24515.0
2014/07/15 00:00:00:000000,52.97,53.05,52.89,52.93,12781.0
2014/07/16 00:00:00:000000,52.91,52.94,52.88,52.93,13576.0
2014/07/17 00:00:00:000000,53.0,53.08,52.98,53.06,20974.0
2014/07/18 00:00:00:000000,53.08,53.08,53.0,53.01,12100.0
2014/07/21 00:00:00:000000,53.02,53.09,53.01,53.04,11623.0
2014/07/22 00:00:00:000000,53.07,53.09,53.01,53.07,12753.0
2014/07/23 00:00:00:000000,53.09,53.12,53.06,53.06,7861.0
2014/07/24 00:00:00:000000,53.01,53.01,52.94,52.96,7858.0
2014/07/25 00:00:00:000000,53.04,53.06,52.99,53.05,34486.0
2014/07/28 00:00:00:000000,53.02,53.05,52.96,52.98,11971.0
2014/07/29 00:00:00:000000,53.04,53.06,52.97,53.06,23717.0
2014/07/30 00:00:00:000000,52.9,52.9,52.8,52.83,6901.0
2014/07/31 00:00:00:000000,52.77,52.86,52.77,52.82,25229.0
2014/08/01 00:00:00:000000,52.89,53.04,52.84,53.0,116818.0
2014/08/04 00:00:00:000000,53.06,53.1,53.04,53.07,35221.0
2014/08/05 00:00:00:000000,53.02,53.07,52.96,53.05,20305.0
2014/08/06 00:00:00:000000,53.13,53.13,53.05,53.05,11433.0
2014/08/07 00:00:00:000000,53.06,53.21,53.06,53.19,10449.0
2014/08/08 00:00:00:000000,53.25,53.33,53.15,53.15,31987.0
2014/08/11 00:00:00:000000,53.21,53.21,53.15,53.18,25737.0
2014/08/12 00:00:00:000000,53.21,53.21,53.14,53.16,6737.0
2014/08/13 00:00:00:000000,53.21,53.27,53.19,53.27,11998.0
2014/08/14 00:00:00:000000,53.32,53.32,53.26,53.3,10738.0
2014/08/15 00:00:00:000000,53.27,53.5,53.27,53.38,25151.0
2014/08/18 00:00:00:000000,53.36,53.36,53.3,53.33,19596.0
2014/08/19 00:00:00:000000,53.36,53.37,53.27,53.27,11033.0
2014/08/20 00:00:00:000000,53.25,53.26,53.15,53.15,7864.0
2014/08/21 00:00:00:000000,53.17,53.22,53.17,53.2,8020.0
2014/08/22 00:00:00:000000,53.21,53.24,53.08,53.14,21035.0
2014/08/25 00:00:00:000000,53.18,53.19,53.12,53.15,12156.0
2014/08/26 00:00:00:000000,53.24,53.24,53.17,53.19,6257.0
2014/08/27 00:00:00:000000,53.26,53.28,53.22,53.24,10339.0
2014/08/28 00:00:00:000000,53.34,53.34,53.28,53.31,13964.0
2014/08/29 00:00:00:000000,53.28,53.37,53.28,53.37,14770.0
2014/09/02 00:00:00:000000,53.18,53.18,53.04,53.09,147496.0
2014/09/03 00:00:00:000000,53.04,53.13,53.0,53.11,55830.0
2014/09/04 00:00:00:000000,53.11,53.11,52.99,53.03,13661.0
2014/09/05 00:00:00:000000,53.2,53.2,53.03,53.03,29322.0
2014/09/08 00:00:00:000000,53.14,53.14,52.98,53.01,15523.0
2014/09/09 00:00:00:000000,52.92,52.95,52.87,52.89,17987.0
2014/09/10 00:00:00:000000,52.85,52.88,52.82,52.84,12709.0
2014/09/11 00:00:00:000000,52.9,52.9,52.8,52.8,38623.0
2014/09/12 00:00:00:000000,52.74,52.77,52.7,52.71,48944.0
2014/09/15 00:00:00:000000,52.75,52.79,52.75,52.77,10724.0
2014/09/16 00:00:00:000000,52.8,52.84,52.78,52.79,27947.0
2014/09/17 00:00:00:000000,52.86,52.89,52.72,52.75,28712.0
2014/09/18 00:00:00:000000,52.64,52.66,52.59,52.63,20902.0
2014/09/19 00:00:00:000000,52.71,52.74,52.66,52.74,9231.0
2014/09/22 00:00:00:000000,52.79,52.84,52.75,52.82,13638.0
2014/09/23 00:00:00:000000,52.86,52.88,52.8,52.84,35997.0
2014/09/24 00:00:00:000000,52.87,52.9,52.76,52.8,46533.0
2014/09/25 00:00:00:000000,52.86,52.97,52.84,52.93,13895.0
2014/09/26 00:00:00:000000,52.92,52.92,52.81,52.85,11087.0
2014/09/29 00:00:00:000000,52.98,52.99,52.93,52.93,10010.0
2014/09/30 00:00:00:000000,52.92,52.97,52.92,52.93,12398.0
2014/10/01 00:00:00:000000,53.01,53.16,53.01,53.16,229791.0
2014/10/02 00:00:00:000000,53.16,53.19,53.06,53.09,504975.0
2014/10/03 00:00:00:000000,52.93,53.04,52.92,53.02,30097.0
2014/10/06 00:00:00:000000,53.05,53.16,53.0,53.1,23913.0
2014/10/07 00:00:00:000000,53.21,53.35,53.18,53.31,123635.0
2014/10/08 00:00:00:000000,53.33,53.46,53.29,53.46,15168.0
2014/10/09 00:00:00:000000,53.49,53.49,53.4,53.4,232420.0
2014/10/10 00:00:00:000000,53.45,53.53,53.45,53.53,22770.0
2014/10/13 00:00:00:000000,53.34,53.82,53.34,53.74,15944.0
2014/10/14 00:00:00:000000,53.75,53.81,53.69,53.81,35750.0
2014/10/15 00:00:00:000000,54.25,54.66,53.96,54.0,55014.0
2014/10/16 00:00:00:000000,54.17,54.19,53.92,53.92,26697.0
2014/10/17 00:00:00:000000,53.87,53.88,53.78,53.82,21198.0
2014/10/20 00:00:00:000000,53.93,53.93,53.86,53.9,25369.0
2014/10/21 00:00:00:000000,53.88,53.92,53.79,53.84,30325.0
2014/10/22 00:00:00:000000,53.78,53.8,53.74,53.8,9689.0
2014/10/23 00:00:00:000000,53.66,53.68,53.59,53.65,12106.0
2014/10/24 00:00:00:000000,53.68,53.77,53.66,53.68,12049.0
2014/10/27 00:00:00:000000,53.72,53.74,53.69,53.72,13333.0
2014/10/28 00:00:00:000000,53.71,53.71,53.61,53.66,43802.0
2014/10/29 00:00:00:000000,53.61,53.62,53.4,53.45,31499.0
2014/10/30 00:00:00:000000,53.47,53.56,53.45,53.51,16849.0
2014/10/31 00:00:00:000000,53.49,53.51,53.42,53.51,17074.0
2014/11/03 00:00:00:000000,53.39,53.42,53.24,53.35,198013.0
2014/11/04 00:00:00:000000,53.2,53.41,53.2,53.36,266224.0
2014/11/05 00:00:00:000000,53.28,53.36,53.27,53.32,78571.0
2014/11/06 00:00:00:000000,53.33,53.36,53.22,53.23,17898.0
2014/11/07 00:00:00:000000,53.35,53.48,53.35,53.44,38727.0
2014/11/10 00:00:00:000000,53.44,53.47,53.32,53.32,16709.0
2014/11/11 00:00:00:000000,53.2,53.35,53.18,53.28,38947.0
2014/11/12 00:00:00:000000,53.37,53.44,53.33,53.35,12998.0
2014/11/13 00:00:00:000000,53.4,53.43,53.36,53.4,27745.0
2014/11/14 00:00:00:000000,53.37,53.49,53.3,53.45,7382.0
2014/11/17 00:00:00:000000,53.49,53.49,53.39,53.39,16092.0
2014/11/18 00:00:00:000000,53.4,53.48,53.4,53.47,21486.0
2014/11/19 00:00:00:000000,53.42,53.44,53.35,53.37,178008.0
2014/11/20 00:00:00:000000,53.46,53.57,53.4,53.44,8919.0
2014/11/21 00:00:00:000000,53.4,53.5,53.4,53.49,11474.0
2014/11/24 00:00:00:000000,53.41,53.53,53.41,53.5,110948.0
2014/11/25 00:00:00:000000,53.53,53.64,53.51,53.64,12838.0
2014/11/26 00:00:00:000000,53.68,53.72,53.65,53.72,39080.0
2014/11/28 00:00:00:000000,53.77,53.91,53.76,53.82,7296.0
2014/12/01 00:00:00:000000,53.88,53.92,53.69,53.72,138974.0
2014/12/02 00:00:00:000000,53.61,53.61,53.51,53.54,11855.0
2014/12/03 00:00:00:000000,53.5,53.51,53.43,53.5,11396.0
2014/12/04 00:00:00:000000,53.52,53.59,53.47,53.59,57782.0
2014/12/05 00:00:00:000000,53.43,53.43,53.28,53.35,20009.0
2014/12/08 00:00:00:000000,53.34,53.46,53.31,53.39,25635.0
2014/12/09 00:00:00:000000,53.57,53.6,53.48,53.52,8120.0
2014/12/10 00:00:00:000000,53.56,53.72,53.54,53.72,13804.0
2014/12/11 00:00:00:000000,53.66,53.73,53.56,53.58,14454.0
2014/12/12 00:00:00:000000,53.78,53.91,53.74,53.91,22960.0
2014/12/15 00:00:00:000000,53.83,53.89,53.71,53.72,37020.0
2014/12/16 00:00:00:000000,53.95,53.98,53.77,53.93,118733.0
2014/12/17 00:00:00:000000,53.86,54.0,53.65,53.67,821734.0
2014/12/18 00:00:00:000000,53.54,53.54,53.44,53.51,20930.0
2014/12/19 00:00:00:000000,53.46,53.59,53.46,53.56,19898.0
2014/12/22 00:00:00:000000,53.6,53.74,53.5,53.55,28821.0
2014/12/23 00:00:00:000000,53.43,53.49,53.32,53.32,122620.0
2014/12/24 00:00:00:000000,53.33,53.37,53.23,53.3,13728.0
2014/12/26 00:00:00:000000,53.3,53.41,53.3,53.32,15879.0
2014/12/29 00:00:00:000000,53.32,53.42,53.31,53.36,33487.0
2014/12/30 00:00:00:000000,53.46,53.56,53.39,53.46,57349.0
2014/12/31 00:00:00:000000,53.58,53.61,53.43,53.6,21200.0
2015/01/02 00:00:00:000000,53.63,53.74,53.52,53.68,57454.0
2015/01/05 00:00:00:000000,53.67,53.92,53.66,53.8,58446.0
2015/01/06 00:00:00:000000,54.04,54.28,53.97,54.04,45029.0
2015/01/07 00:00:00:000000,54.01,54.1,53.92,54.06,35904.0
2015/01/08 00:00:00:000000,54.06,54.06,53.94,54.02,18202.0
2015/01/09 00:00:00:000000,54.07,54.21,54.07,54.11,17638.0
2015/01/12 00:00:00:000000,54.24,54.32,54.19,54.26,26174.0
2015/01/13 00:00:00:000000,54.27,54.38,54.24,54.33,30635.0
2015/01/14 00:00:00:000000,54.57,54.63,54.43,54.48,25635.0
2015/01/15 00:00:00:000000,54.61,54.83,54.57,54.81,25236.0
2015/01/16 00:00:00:000000,54.73,54.73,54.51,54.51,21690.0
2015/01/20 00:00:00:000000,54.7,54.7,54.54,54.55,22934.0
2015/01/21 00:00:00:000000,54.61,54.63,54.4,54.42,112249.0
2015/01/22 00:00:00:000000,54.61,54.61,54.32,54.34,31826.0
2015/01/23 00:00:00:000000,54.46,54.56,54.44,54.52,20278.0
2015/01/26 00:00:00:000000,54.52,54.6,54.39,54.44,49517.0
2015/01/27 00:00:00:000000,54.7,54.7,54.47,54.49,26149.0
2015/01/28 00:00:00:000000,54.49,54.86,54.49,54.61,15084.0
2015/01/29 00:00:00:000000,54.67,54.73,54.62,54.65,18113.0
2015/01/30 00:00:00:000000,54.87,54.96,54.76,54.91,36510.0
2015/02/02 00:00:00:000000,54.84,54.94,54.76,54.86,212065.0
2015/02/03 00:00:00:000000,54.76,54.76,54.56,54.57,15883.0
2015/02/04 00:00:00:000000,54.5,54.63,54.45,54.63,15692.0
2015/02/05 00:00:00:000000,54.58,54.59,54.48,54.51,15960.0
2015/02/06 00:00:00:000000,54.27,54.27,54.06,54.06,16416.0
2015/02/09 00:00:00:000000,54.19,54.22,54.01,54.01,27709.0
2015/02/10 00:00:00:000000,54.01,54.03,53.93,53.95,23900.0
2015/02/11 00:00:00:000000,53.95,54.01,53.89,53.92,17332.0
2015/02/12 00:00:00:000000,53.93,54.05,53.93,53.99,19012.0
2015/02/13 00:00:00:000000,53.95,54.02,53.88,53.88,20201.0
2015/02/17 00:00:00:000000,54.14,54.14,53.6,53.65,21969.0
2015/02/18 00:00:00:000000,53.72,54.0,53.66,53.92,11105.0
2015/02/19 00:00:00:000000,53.89,53.92,53.73,53.76,18511.0
2015/02/20 00:00:00:000000,53.91,53.94,53.65,53.71,26467.0
2015/02/23 00:00:00:000000,53.79,53.92,53.78,53.84,34177.0
2015/02/24 00:00:00:000000,53.85,54.13,53.8,54.13,30918.0
2015/02/25 00:00:00:000000,54.12,54.15,54.05,54.14,20407.0
2015/02/26 00:00:00:000000,54.08,54.12,53.94,54.01,31818.0
2015/02/27 00:00:00:000000,54.03,54.14,53.97,54.09,34184.0
2015/03/02 00:00:00:000000,54.0,54.0,53.73,53.73,276578.0
2015/03/03 00:00:00:000000,53.75,53.78,53.66,53.69,30080.0
2015/03/04 00:00:00:000000,53.73,53.76,53.63,53.69,148231.0
2015/03/05 00:00:00:000000,53.74,53.78,53.67,53.76,37136.0
2015/03/06 00:00:00:000000,53.55,53.55,53.39,53.39,48248.0
2015/03/09 00:00:00:000000,53.49,53.57,53.38,53.53,39022.0
2015/03/10 00:00:00:000000,53.68,53.75,53.64,53.69,34381.0
2015/03/11 00:00:00:000000,53.73,53.83,53.64,53.71,38963.0
2015/03/12 00:00:00:000000,53.89,53.94,53.63,53.75,24877.0
2015/03/13 00:00:00:000000,53.84,53.85,53.71,53.73,31815.0
2015/03/16 00:00:00:000000,53.86,53.89,53.81,53.86,46621.0
2015/03/17 00:00:00:000000,53.93,53.93,53.86,53.89,63770.0
2015/03/18 00:00:00:000000,53.98,54.35,53.89,54.34,36592.0
2015/03/19 00:00:00:000000,54.27,54.39,54.1,54.12,52512.0
2015/03/20 00:00:00:000000,54.22,54.31,54.21,54.29,57241.0
2015/03/23 00:00:00:000000,54.36,54.38,54.26,54.37,37136.0
2015/03/24 00:00:00:000000,54.37,54.47,54.32,54.45,34666.0
2015/03/25 00:00:00:000000,54.49,54.5,54.32,54.35,105251.0
2015/03/26 00:00:00:000000,54.28,54.53,54.12,54.13,32277.0
2015/03/27 00:00:00:000000,54.21,54.31,54.21,54.3,41739.0
2015/03/30 00:00:00:000000,54.3,54.35,54.25,54.27,175008.0
2015/03/31 00:00:00:000000,54.33,54.44,54.3,54.36,47857.0
2015/04/01 00:00:00:000000,54.44,54.53,54.41,54.5,299190.0
2015/04/02 00:00:00:000000,54.5,54.52,54.4,54.41,83964.0
2015/04/06 00:00:00:000000,54.61,54.62,54.48,54.52,56867.0
2015/04/07 00:00:00:000000,54.43,54.56,54.41,54.49,64112.0
2015/04/08 00:00:00:000000,54.51,54.51,54.4,54.44,26705.0
2015/04/09 00:00:00:000000,54.41,54.42,54.23,54.32,130919.0
2015/04/10 00:00:00:000000,54.35,54.37,54.28,54.31,41799.0
2015/04/13 00:00:00:000000,54.33,54.4,54.3,54.36,93469.0
2015/04/14 00:00:00:000000,54.57,54.59,54.45,54.48,64304.0
2015/04/15 00:00:00:000000,54.54,54.66,54.5,54.5,71400.0
2015/04/16 00:00:00:000000,54.6,54.64,54.44,54.59,29524.0
2015/04/17 00:00:00:000000,54.52,54.65,54.5,54.58,34458.0
2015/04/20 00:00:00:000000,54.61,54.63,54.48,54.54,40100.0
2015/04/21 00:00:00:000000,54.53,54.55,54.48,54.49,44041.0
2015/04/22 00:00:00:000000,54.44,54.46,54.28,54.31,73707.0
2015/04/23 00:00:00:000000,54.28,54.44,54.28,54.4,65708.0
2015/04/24 00:00:00:000000,54.5,54.54,54.46,54.52,39000.0
2015/04/27 00:00:00:000000,54.46,54.58,54.43,54.47,60577.0
2015/04/28 00:00:00:000000,54.4,54.44,54.31,54.32,26894.0
2015/04/29 00:00:00:000000,54.28,54.5,54.13,54.21,88865.0
2015/04/30 00:00:00:000000,54.05,54.33,54.02,54.23,53444.0
2015/05/01 00:00:00:000000,54.11,54.14,53.87,53.95,150475.0
2015/05/04 00:00:00:000000,54.01,54.04,53.91,53.91,60875.0
2015/05/05 00:00:00:000000,53.99,53.99,53.77,53.87,39326.0
2015/05/06 00:00:00:000000,53.78,53.81,53.69,53.71,21510.0
2015/05/07 00:00:00:000000,53.74,53.83,53.71,53.78,53431.0
2015/05/08 00:00:00:000000,54.13,54.13,53.95,53.96,23109.0
2015/05/11 00:00:00:000000,53.92,53.92,53.68,53.68,35427.0
2015/05/12 00:00:00:000000,53.64,53.78,53.59,53.7,30966.0
2015/05/13 00:00:00:000000,53.83,53.84,53.7,53.71,25901.0
2015/05/14 00:00:00:000000,53.76,53.88,53.76,53.84,19762.0
2015/05/15 00:00:00:000000,53.96,54.09,53.92,54.03,23573.0
2015/05/18 00:00:00:000000,53.97,53.97,53.83,53.83,48599.0
2015/05/19 00:00:00:000000,53.72,53.82,53.61,53.67,41470.0
2015/05/20 00:00:00:000000,53.66,53.92,53.66,53.76,42017.0
2015/05/21 00:00:00:000000,53.81,54.01,53.81,53.93,39667.0
2015/05/22 00:00:00:000000,53.83,53.86,53.77,53.83,34737.0
2015/05/26 00:00:00:000000,53.82,53.99,53.8,53.97,23004.0
2015/05/27 00:00:00:000000,53.97,53.99,53.88,53.98,28721.0
2015/05/28 00:00:00:000000,54.06,54.19,53.98,54.08,39451.0
2015/05/29 00:00:00:000000,54.08,54.16,54.07,54.07,45496.0
2015/06/01 00:00:00:000000,54.03,54.1,53.81,53.86,189445.0
2015/06/02 00:00:00:000000,53.74,53.74,53.6,53.65,33168.0
2015/06/03 00:00:00:000000,53.54,53.54,53.36,53.38,56438.0
2015/06/04 00:00:00:000000,53.43,53.6,53.43,53.52,36804.0
2015/06/05 00:00:00:000000,53.26,53.37,53.21,53.28,57027.0
2015/06/08 00:00:00:000000,53.42,53.5,53.34,53.35,36412.0
2015/06/09 00:00:00:000000,53.33,53.33,53.22,53.26,39075.0
2015/06/10 00:00:00:000000,53.2,53.22,53.1,53.12,58340.0
2015/06/11 00:00:00:000000,53.19,53.36,53.13,53.34,36978.0
2015/06/12 00:00:00:000000,53.3,53.44,53.3,53.31,31913.0
2015/06/15 00:00:00:000000,53.54,53.54,53.39,53.43,28237.0
2015/06/16 00:00:00:000000,53.47,53.56,53.46,53.53,27136.0
2015/06/17 00:00:00:000000,53.45,53.71,53.34,53.66,28482.0
2015/06/18 00:00:00:000000,53.58,53.67,53.51,53.58,19471.0
2015/06/19 00:00:00:000000,53.69,53.8,53.69,53.8,37034.0
2015/06/22 00:00:00:000000,53.64,53.7,53.52,53.53,45849.0
2015/06/23 00:00:00:000000,53.42,53.53,53.4,53.42,79313.0
2015/06/24 00:00:00:000000,53.43,53.54,53.39,53.5,58011.0
2015/06/25 00:00:00:000000,53.47,53.49,53.37,53.43,52306.0
2015/06/26 00:00:00:000000,53.34,53.4,53.27,53.28,48978.0
2015/06/29 00:00:00:000000,53.52,53.73,53.49,53.66,29381.0
2015/06/30 00:00:00:000000,53.59,53.72,53.59,53.61,34213.0
2015/07/01 00:00:00:000000,53.35,53.44,53.31,53.35,179914.0
2015/07/02 00:00:00:000000,53.54,53.55,53.47,53.48,39174.0
2015/07/06 00:00:00:000000,53.71,53.8,53.6,53.72,31098.0
2015/07/07 00:00:00:000000,53.9,54.0,53.79,53.79,40261.0
2015/07/08 00:00:00:000000,53.9,53.99,53.85,53.96,35838.0
2015/07/09 00:00:00:000000,53.78,53.95,53.6,53.72,37865.0
2015/07/10 00:00:00:000000,53.57,53.7,53.44,53.51,36501.0
2015/07/13 00:00:00:000000,53.39,53.49,53.35,53.39,25180.0
2015/07/14 00:00:00:000000,53.56,53.57,53.46,53.54,26067.0
2015/07/15 00:00:00:000000,53.5,53.68,53.48,53.63,24717.0
2015/07/16 00:00:00:000000,53.52,53.65,53.51,53.62,34785.0
2015/07/17 00:00:00:000000,53.52,53.62,53.52,53.56,36091.0
2015/07/20 00:00:00:000000,53.46,53.52,53.46,53.49,51994.0
2015/07/21 00:00:00:000000,53.47,53.62,53.47,53.59,28388.0
2015/07/22 00:00:00:000000,53.58,53.66,53.58,53.59,28921.0
2015/07/23 00:00:00:000000,53.54,53.72,53.54,53.7,29699.0
2015/07/24 00:00:00:000000,53.72,53.79,53.65,53.78,25681.0
2015/07/27 00:00:00:000000,53.86,53.93,53.85,53.9,32185.0
2015/07/28 00:00:00:000000,53.81,53.88,53.81,53.85,34432.0
2015/07/29 00:00:00:000000,53.81,53.82,53.71,53.75,23574.0
2015/07/30 00:00:00:000000,53.69,53.79,53.69,53.77,22393.0
2015/07/31 00:00:00:000000,53.98,54.01,53.93,54.01,39529.0
2015/08/03 00:00:00:000000,53.89,54.06,53.89,54.02,102617.0
2015/08/04 00:00:00:000000,53.99,53.99,53.79,53.8,39358.0
2015/08/05 00:00:00:000000,53.76,53.76,53.62,53.66,125422.0
2015/08/06 00:00:00:000000,53.68,53.81,53.68,53.77,33087.0
2015/08/07 00:00:00:000000,53.81,53.88,53.77,53.86,19018.0
2015/08/10 00:00:00:000000,53.84,53.84,53.73,53.75,24586.0
2015/08/11 00:00:00:000000,54.01,54.09,53.97,54.01,42405.0
2015/08/12 00:00:00:000000,54.13,54.22,54.0,54.02,61143.0
2015/08/13 00:00:00:000000,53.93,54.0,53.87,53.88,26994.0
2015/08/14 00:00:00:000000,53.76,53.9,53.76,53.85,31648.0
2015/08/17 00:00:00:000000,53.94,53.98,53.9,53.9,18444.0
2015/08/18 00:00:00:000000,53.82,53.93,53.82,53.89,142239.0
2015/08/19 00:00:00:000000,53.8,54.13,53.79,54.07,39074.0
2015/08/20 00:00:00:000000,54.1,54.17,54.1,54.16,20250.0
2015/08/21 00:00:00:000000,54.23,54.35,54.17,54.32,135004.0
2015/08/24 00:00:00:000000,54.83,54.87,54.21,54.44,206125.0
2015/08/25 00:00:00:000000,54.23,54.31,54.09,54.21,111769.0
2015/08/26 00:00:00:000000,54.1,54.23,54.04,54.05,53352.0
2015/08/27 00:00:00:000000,53.95,54.18,53.9,54.06,49292.0
2015/08/28 00:00:00:000000,54.17,54.18,53.97,53.99,37447.0
2015/08/31 00:00:00:000000,54.07,54.14,53.9,53.9,96779.0
2015/09/01 00:00:00:000000,53.95,54.06,53.95,53.99,263676.0
2015/09/02 00:00:00:000000,53.89,54.05,53.89,53.94,188870.0
2015/09/03 00:00:00:000000,54.06,54.07,53.95,54.04,41186.0
2015/09/04 00:00:00:000000,54.1,54.15,54.01,54.12,36433.0
2015/09/08 00:00:00:000000,54.01,54.02,53.96,53.96,43468.0
2015/09/09 00:00:00:000000,53.82,54.02,53.82,53.96,55653.0
2015/09/10 00:00:00:000000,53.9,53.95,53.89,53.92,61175.0
2015/09/11 00:00:00:000000,54.0,54.1,53.99,54.04,49278.0
2015/09/14 00:00:00:000000,54.09,54.1,54.02,54.07,41189.0
2015/09/15 00:00:00:000000,54.01,54.03,53.75,53.79,64476.0
2015/09/16 00:00:00:000000,53.8,53.89,53.75,53.78,51645.0
2015/09/17 00:00:00:000000,53.77,54.19,53.76,54.12,37813.0
2015/09/18 00:00:00:000000,54.18,54.25,54.15,54.24,54057.0
2015/09/21 00:00:00:000000,54.13,54.13,54.03,54.08,41902.0
2015/09/22 00:00:00:000000,54.2,54.29,54.17,54.25,41159.0
2015/09/23 00:00:00:000000,54.21,54.24,54.16,54.21,54144.0
2015/09/24 00:00:00:000000,54.33,54.37,54.25,54.26,74172.0
2015/09/25 00:00:00:000000,54.16,54.18,54.11,54.18,74733.0
2015/09/28 00:00:00:000000,54.24,54.38,54.22,54.37,105181.0
2015/09/29 00:00:00:000000,54.43,54.5,54.38,54.46,129746.0
2015/09/30 00:00:00:000000,54.39,54.5,54.39,54.5,99277.0
2015/10/01 00:00:00:000000,54.49,54.53,54.42,54.43,333762.0
2015/10/02 00:00:00:000000,54.75,54.84,54.59,54.65,319432.0
2015/10/05 00:00:00:000000,54.6,54.6,54.46,54.49,80687.0
2015/10/06 00:00:00:000000,54.44,54.6,54.44,54.55,50935.0
2015/10/07 00:00:00:000000,54.48,54.5,54.4,54.43,86320.0
2015/10/08 00:00:00:000000,54.43,54.7,54.29,54.33,81386.0
2015/10/09 00:00:00:000000,54.32,54.38,54.3,54.34,66088.0
2015/10/12 00:00:00:000000,54.37,54.55,54.37,54.45,38595.0
2015/10/13 00:00:00:000000,54.43,54.53,54.42,54.52,30759.0
2015/10/14 00:00:00:000000,54.6,54.72,54.58,54.7,58825.0
2015/10/15 00:00:00:000000,54.64,54.66,54.56,54.58,144717.0
2015/10/16 00:00:00:000000,54.59,54.64,54.51,54.55,31332.0
2015/10/19 00:00:00:000000,54.56,54.57,54.4,54.53,52835.0
2015/10/20 00:00:00:000000,54.47,54.47,54.4,54.41,24571.0
2015/10/21 00:00:00:000000,54.45,54.56,54.45,54.51,55892.0
2015/10/22 00:00:00:000000,54.57,54.64,54.47,54.47,47669.0
2015/10/23 00:00:00:000000,54.38,54.4,54.33,54.37,23347.0
2015/10/26 00:00:00:000000,54.37,54.45,54.37,54.42,57643.0
2015/10/27 00:00:00:000000,54.49,54.58,54.49,54.52,29430.0
2015/10/28 00:00:00:000000,54.53,54.53,54.25,54.3,50391.0
2015/10/29 00:00:00:000000,54.21,54.21,54.09,54.12,63806.0
2015/10/30 00:00:00:000000,54.11,54.16,54.08,54.15,84249.0
2015/11/02 00:00:00:000000,54.01,54.01,53.79,53.93,334205.0
2015/11/03 00:00:00:000000,53.9,53.92,53.85,53.88,46939.0
2015/11/04 00:00:00:000000,53.87,53.89,53.74,53.76,29436.0
2015/11/05 00:00:00:000000,53.81,53.81,53.68,53.73,41071.0
2015/11/06 00:00:00:000000,53.53,53.53,53.45,53.49,44575.0
2015/11/09 00:00:00:000000,53.39,53.49,53.39,53.46,51662.0
2015/11/10 00:00:00:000000,53.48,53.68,53.46,53.56,25814.0
2015/11/11 00:00:00:000000,53.56,53.56,53.28,53.52,84869.0
2015/11/12 00:00:00:000000,53.56,53.62,53.53,53.58,35480.0
2015/11/13 00:00:00:000000,53.65,53.7,53.61,53.69,71709.0
2015/11/16 00:00:00:000000,53.77,53.81,53.71,53.74,56715.0
2015/11/17 00:00:00:000000,53.64,53.78,53.6,53.76,45322.0
2015/11/18 00:00:00:000000,53.7,53.82,53.64,53.68,56646.0
2015/11/19 00:00:00:000000,53.73,53.81,53.72,53.76,22605.0
2015/11/20 00:00:00:000000,53.78,53.81,53.69,53.69,48861.0
2015/11/23 00:00:00:000000,53.66,53.78,53.65,53.75,45380.0
2015/11/24 00:00:00:000000,53.79,53.86,53.76,53.8,42668.0
2015/11/25 00:00:00:000000,53.78,53.84,53.76,53.79,579155.0
2015/11/27 00:00:00:000000,53.85,53.86,53.82,53.83,10690.0
2015/11/30 00:00:00:000000,53.79,53.86,53.71,53.86,49912.0
2015/12/01 00:00:00:000000,53.78,54.01,53.77,53.91,190073.0
2015/12/02 00:00:00:000000,53.81,53.86,53.75,53.82,72836.0
2015/12/03 00:00:00:000000,53.68,53.68,53.45,53.54,269157.0
2015/12/04 00:00:00:000000,53.6,53.67,53.53,53.6,29491.0
2015/12/07 00:00:00:000000,53.6,53.78,53.6,53.72,42873.0
2015/12/08 00:00:00:000000,53.78,53.8,53.7,53.75,33083.0
2015/12/09 00:00:00:000000,53.72,53.85,53.65,53.83,113573.0
2015/12/10 00:00:00:000000,53.83,53.84,53.73,53.74,101366.0
2015/12/11 00:00:00:000000,53.9,54.04,53.89,54.03,38812.0
2015/12/14 00:00:00:000000,53.88,53.98,53.76,53.79,81520.0
2015/12/15 00:00:00:000000,53.62,53.71,53.61,53.67,54090.0
2015/12/16 00:00:00:000000,53.63,53.71,53.5,53.54,65179.0
2015/12/17 00:00:00:000000,53.56,53.67,53.56,53.62,52419.0
2015/12/18 00:00:00:000000,53.71,53.95,53.71,53.76,54351.0
2015/12/21 00:00:00:000000,53.8,53.9,53.77,53.8,47158.0
2015/12/22 00:00:00:000000,53.76,53.8,53.61,53.68,108073.0
2015/12/23 00:00:00:000000,53.59,53.66,53.58,53.64,36787.0
2015/12/24 00:00:00:000000,53.64,53.68,53.63,53.66,26359.0
2015/12/28 00:00:00:000000,53.64,53.77,53.64,53.71,78123.0
2015/12/29 00:00:00:000000,53.55,53.56,53.42,53.44,50758.0
2015/12/30 00:00:00:000000,53.42,53.5,53.4,53.48,54575.0
2015/12/31 00:00:00:000000,53.51,53.73,53.47,53.6,117286.0
2016/01/04 00:00:00:000000,53.66,53.74,53.61,53.66,365857.0
2016/01/05 00:00:00:000000,53.66,53.74,53.61,53.65,102413.0
2016/01/06 00:00:00:000000,53.84,53.91,53.76,53.88,107215.0
2016/01/07 00:00:00:000000,53.96,54.01,53.81,53.97,90739.0
2016/01/08 00:00:00:000000,53.97,54.11,53.92,54.09,80594.0
2016/01/11 00:00:00:000000,53.99,54.11,53.97,54.03,55092.0
2016/01/12 00:00:00:000000,53.98,54.25,53.96,54.16,93237.0
2016/01/13 00:00:00:000000,54.11,54.34,54.11,54.28,104943.0
2016/01/14 00:00:00:000000,54.28,54.34,54.17,54.25,51231.0
2016/01/15 00:00:00:000000,54.51,54.52,54.4,54.42,144637.0
2016/01/19 00:00:00:000000,54.39,54.47,54.34,54.39,1106435.0
2016/01/20 00:00:00:000000,54.56,54.68,54.51,54.53,448346.0
2016/01/21 00:00:00:000000,54.61,54.62,54.43,54.5,51168.0
2016/01/22 00:00:00:000000,54.35,54.4,54.3,54.37,67294.0
2016/01/25 00:00:00:000000,54.45,54.48,54.39,54.45,482918.0
2016/01/26 00:00:00:000000,54.5,54.55,54.45,54.52,109174.0
2016/01/27 00:00:00:000000,54.43,54.58,54.37,54.58,131611.0
2016/01/28 00:00:00:000000,54.52,54.62,54.52,54.59,54358.0
2016/01/29 00:00:00:000000,54.75,54.82,54.69,54.79,124701.0
2016/02/01 00:00:00:000000,54.7,54.76,54.59,54.63,206377.0
2016/02/02 00:00:00:000000,54.85,54.98,54.81,54.92,436212.0
2016/02/03 00:00:00:000000,54.89,55.13,54.88,54.89,487100.0
2016/02/04 00:00:00:000000,54.97,55.0,54.89,54.99,145458.0
2016/02/05 00:00:00:000000,54.9,55.01,54.87,54.99,51046.0
2016/02/08 00:00:00:000000,55.15,55.29,55.13,55.24,124157.0
2016/02/10 00:00:00:000000,55.24,55.34,55.15,55.32,42880.0
2016/02/11 00:00:00:000000,55.61,55.68,55.44,55.44,144005.0
2016/02/12 00:00:00:000000,55.32,55.44,55.15,55.21,161650.0
2016/02/16 00:00:00:000000,55.21,55.21,55.07,55.13,170964.0
2016/02/17 00:00:00:000000,55.03,55.06,54.93,55.01,102517.0
2016/02/18 00:00:00:000000,54.98,55.21,54.96,55.2,94485.0
2016/02/19 00:00:00:000000,55.13,55.21,55.1,55.16,43772.0
2016/02/22 00:00:00:000000,55.12,55.16,55.08,55.11,50595.0
2016/02/23 00:00:00:000000,55.05,55.25,55.03,55.19,520617.0
2016/02/24 00:00:00:000000,55.3,55.44,55.15,55.18,68793.0
2016/02/25 00:00:00:000000,55.28,55.35,55.26,55.29,87882.0
2016/02/26 00:00:00:000000,55.15,55.15,55.05,55.1,71611.0
2016/02/29 00:00:00:000000,55.06,55.2,55.06,55.18,755526.0
2016/03/01 00:00:00:000000,55.14,55.15,54.78,54.79,182259.0
2016/03/02 00:00:00:000000,54.72,54.77,54.67,54.74,117670.0
2016/03/03 00:00:00:000000,54.73,54.82,54.7,54.76,533801.0
2016/03/04 00:00:00:000000,54.67,54.77,54.57,54.65,89814.0
2016/03/07 00:00:00:000000,54.61,54.61,54.54,54.55,65895.0
2016/03/08 00:00:00:000000,54.74,54.82,54.73,54.79,73547.0
2016/03/09 00:00:00:000000,54.68,54.71,54.62,54.64,46790.0
2016/03/10 00:00:00:000000,54.62,54.66,54.45,54.5,66725.0
2016/03/11 00:00:00:000000,54.44,54.49,54.35,54.41,43198.0
2016/03/14 00:00:00:000000,54.44,54.5,54.39,54.42,86797.0
2016/03/15 00:00:00:000000,54.51,54.51,54.39,54.42,51191.0
2016/03/16 00:00:00:000000,54.33,54.7,54.31,54.61,170419.0
2016/03/17 00:00:00:000000,54.67,54.74,54.64,54.68,187405.0
2016/03/18 00:00:00:000000,54.77,54.84,54.76,54.81,67853.0
2016/03/21 00:00:00:000000,54.74,54.76,54.69,54.69,69121.0
2016/03/22 00:00:00:000000,54.73,54.78,54.6,54.62,60959.0
2016/03/23 00:00:00:000000,54.63,54.81,54.62,54.78,62987.0
2016/03/24 00:00:00:000000,54.8,54.82,54.66,54.72,499065.0
2016/03/28 00:00:00:000000,54.76,54.84,54.76,54.78,85795.0
2016/03/29 00:00:00:000000,54.87,55.05,54.82,55.01,69649.0
2016/03/30 00:00:00:000000,54.99,55.08,54.94,55.05,86726.0
2016/03/31 00:00:00:000000,55.08,55.24,55.05,55.23,71274.0
2016/04/01 00:00:00:000000,55.07,55.14,55.0,55.07,484027.0
2016/04/04 00:00:00:000000,55.14,55.15,55.08,55.12,74513.0
2016/04/05 00:00:00:000000,55.25,55.28,55.21,55.25,107875.0
2016/04/06 00:00:00:000000,55.25,55.25,55.16,55.2,57565.0
2016/04/07 00:00:00:000000,55.31,55.4,55.29,55.38,55703.0
2016/04/08 00:00:00:000000,55.3,55.35,55.28,55.34,49377.0
2016/04/11 00:00:00:000000,55.25,55.36,55.23,55.32,62650.0
2016/04/12 00:00:00:000000,55.24,55.25,55.16,55.19,45256.0
2016/04/13 00:00:00:000000,55.15,55.21,55.11,55.17,252751.0
2016/04/14 00:00:00:000000,55.13,55.16,55.07,55.07,39446.0
2016/04/15 00:00:00:000000,55.11,55.23,55.11,55.2,81145.0
2016/04/18 00:00:00:000000,55.18,55.19,55.12,55.18,61961.0
2016/04/19 00:00:00:000000,55.16,55.16,55.06,55.08,74438.0
2016/04/20 00:00:00:000000,55.11,55.16,54.92,54.95,184766.0
2016/04/21 00:00:00:000000,54.85,54.93,54.83,54.87,40517.0
2016/04/22 00:00:00:000000,54.86,54.89,54.8,54.82,73285.0
2016/04/25 00:00:00:000000,54.82,54.85,54.79,54.8,57534.0
2016/04/26 00:00:00:000000,54.78,54.79,54.69,54.72,90315.0
2016/04/27 00:00:00:000000,54.78,54.91,54.77,54.89,76791.0
2016/04/28 00:00:00:000000,54.91,55.05,54.89,55.04,47520.0
2016/04/29 00:00:00:000000,54.98,55.08,54.94,55.06,64522.0
2016/05/02 00:00:00:000000,54.94,54.97,54.86,54.89,110706.0
2016/05/03 00:00:00:000000,55.07,55.11,55.04,55.05,32830.0
2016/05/04 00:00:00:000000,55.12,55.17,55.03,55.17,126952.0
2016/05/05 00:00:00:000000,55.12,55.23,55.07,55.21,198913.0
2016/05/06 00:00:00:000000,55.22,55.28,55.13,55.17,162578.0
2016/05/09 00:00:00:000000,55.22,55.28,55.2,55.27,44891.0
2016/05/10 00:00:00:000000,55.25,55.29,55.2,55.26,67205.0
2016/05/11 00:00:00:000000,55.22,55.33,55.21,55.26,74472.0
2016/05/12 00:00:00:000000,55.19,55.24,55.14,55.2,52603.0
2016/05/13 00:00:00:000000,55.19,55.44,55.14,55.31,118918.0
2016/05/16 00:00:00:000000,55.21,55.22,55.15,55.16,107351.0
2016/05/17 00:00:00:000000,55.08,55.18,55.07,55.09,58878.0
2016/05/18 00:00:00:000000,55.0,55.01,54.74,54.76,90556.0
2016/05/19 00:00:00:000000,54.79,54.87,54.79,54.83,54720.0
2016/05/20 00:00:00:000000,54.79,54.88,54.77,54.86,66120.0
2016/05/23 00:00:00:000000,54.85,54.88,54.8,54.85,55255.0
2016/05/24 00:00:00:000000,54.79,54.83,54.75,54.79,50904.0
2016/05/25 00:00:00:000000,54.75,54.83,54.74,54.77,60323.0
2016/05/26 00:00:00:000000,54.81,54.96,54.81,54.91,42337.0
2016/05/27 00:00:00:000000,54.9,54.95,54.5,54.74,92223.0
2016/05/31 00:00:00:000000,54.71,54.91,54.69,54.88,82195.0
2016/06/01 00:00:00:000000,54.85,54.89,54.75,54.79,82045.0
2016/06/02 00:00:00:000000,54.85,54.94,54.8,54.9,84103.0
2016/06/03 00:00:00:000000,55.19,55.26,55.18,55.2,100379.0
2016/06/06 00:00:00:000000,55.23,55.23,55.14,55.18,132271.0
2016/06/07 00:00:00:000000,55.21,55.27,55.21,55.24,74580.0
2016/06/08 00:00:00:000000,55.25,55.27,55.21,55.21,562077.0
2016/06/09 00:00:00:000000,55.3,55.32,55.25,55.31,61532.0
2016/06/10 00:00:00:000000,55.4,55.46,55.36,55.44,72005.0
2016/06/13 00:00:00:000000,55.5,55.57,55.44,55.54,254779.0
2016/06/14 00:00:00:000000,55.57,55.64,55.51,55.52,56391.0
2016/06/15 00:00:00:000000,55.53,55.74,55.52,55.64,46146.0
2016/06/16 00:00:00:000000,55.76,55.81,55.64,55.67,110547.0
2016/06/17 00:00:00:000000,55.66,55.66,55.54,55.58,39071.0
2016/06/20 00:00:00:000000,55.45,55.47,55.4,55.43,61445.0
2016/06/21 00:00:00:000000,55.44,55.44,55.3,55.35,90809.0
2016/06/22 00:00:00:000000,55.35,55.41,55.29,55.4,27635.0
2016/06/23 00:00:00:000000,55.29,55.32,55.24,55.24,49615.0
2016/06/24 00:00:00:000000,55.8,55.8,55.68,55.72,72744.0
2016/06/27 00:00:00:000000,55.98,56.03,55.91,56.02,158071.0
2016/06/28 00:00:00:000000,55.97,56.23,55.93,56.0,334232.0
2016/06/29 00:00:00:000000,55.97,55.99,55.86,55.88,88352.0
2016/06/30 00:00:00:000000,55.91,55.99,55.86,55.97,571459.0
2016/07/01 00:00:00:000000,56.03,56.04,55.89,55.94,502380.0
2016/07/05 00:00:00:000000,56.12,56.21,56.03,56.14,85413.0
2016/07/06 00:00:00:000000,56.13,56.15,56.04,56.11,308881.0
2016/07/07 00:00:00:000000,56.02,56.14,55.99,56.1,58243.0
2016/07/08 00:00:00:000000,56.01,56.13,56.0,56.1,31393.0
2016/07/11 00:00:00:000000,56.03,56.04,55.91,55.92,320514.0
2016/07/12 00:00:00:000000,55.8,55.91,55.65,55.73,615250.0
2016/07/13 00:00:00:000000,55.83,55.92,55.77,55.85,158673.0
2016/07/14 00:00:00:000000,55.67,55.75,55.66,55.67,113137.0
2016/07/15 00:00:00:000000,55.57,55.61,55.5,55.56,124627.0
2016/07/18 00:00:00:000000,55.61,55.64,55.52,55.55,86091.0
2016/07/19 00:00:00:000000,55.61,55.69,55.58,55.66,43382.0
2016/07/20 00:00:00:000000,55.55,55.61,55.53,55.57,82990.0
2016/07/21 00:00:00:000000,55.54,55.7,55.51,55.67,56867.0
2016/07/22 00:00:00:000000,55.56,55.68,55.56,55.62,163657.0
2016/07/25 00:00:00:000000,55.64,55.67,55.58,55.6,29680.0
2016/07/26 00:00:00:000000,55.61,55.63,55.53,55.62,46392.0
2016/07/27 00:00:00:000000,55.65,55.76,55.59,55.73,165887.0
2016/07/28 00:00:00:000000,55.67,55.79,55.67,55.77,236560.0
2016/07/29 00:00:00:000000,55.87,55.95,55.79,55.91,45337.0
2016/08/01 00:00:00:000000,55.76,55.95,55.74,55.77,87958.0
2016/08/02 00:00:00:000000,55.56,55.76,55.56,55.7,59392.0
2016/08/03 00:00:00:000000,55.74,55.74,55.63,55.73,59488.0
2016/08/04 00:00:00:000000,55.77,55.88,55.76,55.84,47481.0
2016/08/05 00:00:00:000000,55.67,55.71,55.57,55.59,104336.0
2016/08/08 00:00:00:000000,55.5,55.59,55.49,55.56,70171.0
2016/08/09 00:00:00:000000,55.57,55.69,55.55,55.67,87737.0
2016/08/10 00:00:00:000000,55.68,55.9,55.64,55.78,69712.0
2016/08/11 00:00:00:000000,55.77,55.77,55.5,55.53,78098.0
2016/08/12 00:00:00:000000,55.78,55.81,55.66,55.7,153801.0
2016/08/15 00:00:00:000000,55.64,55.65,55.57,55.62,86365.0
2016/08/16 00:00:00:000000,55.56,55.56,55.5,55.54,64705.0
2016/08/17 00:00:00:000000,55.51,55.64,55.49,55.59,53901.0
2016/08/18 00:00:00:000000,55.6,55.69,55.55,55.68,78349.0
2016/08/19 00:00:00:000000,55.55,55.58,55.48,55.51,48869.0
2016/08/22 00:00:00:000000,55.6,55.63,55.54,55.62,62780.0
2016/08/23 00:00:00:000000,55.63,55.66,55.57,55.58,48737.0
2016/08/24 00:00:00:000000,55.6,55.64,55.54,55.6,41367.0
2016/08/25 00:00:00:000000,55.51,55.58,55.5,55.53,41653.0
2016/08/26 00:00:00:000000,55.55,55.6,55.32,55.34,44493.0
2016/08/29 00:00:00:000000,55.38,55.5,55.37,55.48,68097.0
2016/08/30 00:00:00:000000,55.48,55.51,55.43,55.46,75235.0
2016/08/31 00:00:00:000000,55.46,55.55,55.42,55.43,55597.0
2016/09/01 00:00:00:000000,55.28,55.46,55.26,55.44,114379.0
2016/09/02 00:00:00:000000,55.42,55.42,55.29,55.35,70052.0
2016/09/06 00:00:00:000000,55.39,55.59,55.35,55.57,73329.0
2016/09/07 00:00:00:000000,55.6,55.63,55.55,55.59,44098.0
2016/09/08 00:00:00:000000,55.52,55.56,55.36,55.4,80447.0
2016/09/09 00:00:00:000000,55.31,55.31,55.23,55.27,104013.0
2016/09/12 00:00:00:000000,55.22,55.34,55.21,55.31,72977.0
2016/09/13 00:00:00:000000,55.3,55.32,55.12,55.2,55440.0
2016/09/14 00:00:00:000000,55.22,55.34,55.22,55.31,104302.0
2016/09/15 00:00:00:000000,55.27,55.35,55.25,55.3,155054.0
2016/09/16 00:00:00:000000,55.33,55.35,55.29,55.31,39554.0
2016/09/19 00:00:00:000000,55.29,55.35,55.28,55.3,124099.0
2016/09/20 00:00:00:000000,55.34,55.39,55.29,55.34,69866.0
